   open_time   |       open       |       high       |       low        |      close       |     volume      |  close_time   | quote_asset_volume  | number_of_trades | taker_buy_base_asset_volume | taker_buy_quote_asset_volume 
---------------+------------------+------------------+------------------+------------------+-----------------+---------------+---------------------+------------------+-----------------------------+------------------------------
 1785547200000 | 62951.0100000000 | 62958.0000000000 | 62951.0000000000 | 62957.9900000000 |    0.9879600000 | 1785547259999 |    62198.3669298000 |              319 |                0.4626900000 |             29128.4751786000
 1785547260000 | 62958.0000000000 | 62961.7600000000 | 62957.9900000000 | 62958.0100000000 |    1.1888600000 | 1785547319999 |    74850.0087625000 |              268 |                0.9040000000 |             56914.7664127000
 1785547320000 | 62958.0100000000 | 62976.0000000000 | 62958.0000000000 | 62976.0000000000 |    1.3886400000 | 1785547379999 |    87431.6113586000 |              633 |                1.2181300000 |             76696.5037604000
 1785547380000 | 62976.0000000000 | 62990.0000000000 | 62975.9900000000 | 62990.0000000000 |    0.9588600000 | 1785547439999 |    60389.0741763000 |              545 |                0.5450200000 |             34326.2204797000
 1785547440000 | 62990.0000000000 | 62990.0000000000 | 62939.9900000000 | 62940.0000000000 |   76.0251300000 | 1785547499999 |  4785920.9365624000 |             1388 |                5.6637700000 |            356516.5951961000
 1785547500000 | 62940.0000000000 | 62965.3800000000 | 62939.9900000000 | 62965.3700000000 |    2.0294400000 | 1785547559999 |   127758.8086523000 |              777 |                1.6563200000 |            104270.1446243000
 1785547560000 | 62965.3700000000 | 62965.3700000000 | 62938.7600000000 | 62938.7700000000 |    3.2132600000 | 1785547619999 |   202282.1171418000 |              975 |                0.8188500000 |             51546.1075754000
 1785547620000 | 62938.7600000000 | 62938.7600000000 | 62930.0000000000 | 62930.0100000000 |    5.7140900000 | 1785547679999 |   359600.4439997000 |              441 |                1.3488200000 |             84881.6986882000
 1785547680000 | 62930.0100000000 | 62933.9600000000 | 62930.0000000000 | 62933.9500000000 |    3.0814500000 | 1785547739999 |   193921.0846978000 |              279 |                1.5859700000 |             99806.4964143000
 1785547740000 | 62933.9500000000 | 62956.3800000000 | 62923.4700000000 | 62954.2700000000 |   71.3967000000 | 1785547799999 |  4493798.7078235000 |             1913 |               53.6100500000 |           3374216.8181438000
 1785547800000 | 62954.2700000000 | 62954.2800000000 | 62934.9500000000 | 62934.9600000000 |    3.9054100000 | 1785547859999 |   245819.9104966000 |              981 |                0.2904500000 |             18280.1920242000
 1785547860000 | 62934.9500000000 | 62943.5900000000 | 62934.9500000000 | 62943.5900000000 |    3.1064800000 | 1785547919999 |   195514.9882462000 |              313 |                1.9960600000 |            125625.8905541000
 1785547920000 | 62943.5900000000 | 62947.0200000000 | 62943.5800000000 | 62947.0100000000 |    0.4484800000 | 1785547979999 |    28229.4847975000 |              217 |                0.3530000000 |             22219.6111305000
 1785547980000 | 62947.0200000000 | 62947.0200000000 | 62932.9700000000 | 62932.9700000000 |    5.3409900000 | 1785548039999 |   336190.7518183000 |             1067 |                0.2899700000 |             18249.2541654000
 1785548040000 | 62932.9800000000 | 62932.9800000000 | 62930.0000000000 | 62930.0100000000 |    1.9750500000 | 1785548099999 |   124294.2124955000 |              393 |                0.3755200000 |             23632.5510993000
 1785548100000 | 62930.0100000000 | 62930.0100000000 | 62930.0000000000 | 62930.0000000000 |    2.9074500000 | 1785548159999 |   182965.8424981000 |              208 |                1.3998100000 |             88090.0572981000
 1785548160000 | 62930.0000000000 | 62930.0100000000 | 62930.0000000000 | 62930.0100000000 |    1.0645000000 | 1785548219999 |    66988.9888925000 |              135 |                0.3892500000 |             24495.5063925000
 1785548220000 | 62930.0100000000 | 62953.2500000000 | 62930.0000000000 | 62953.2500000000 |    2.4077100000 | 1785548279999 |   151536.2484451000 |              869 |                2.2427400000 |            141152.7198959000
 1785548280000 | 62953.2500000000 | 62954.2800000000 | 62953.2400000000 | 62954.2700000000 |    1.9648200000 | 1785548339999 |   123691.9219598000 |              235 |                1.8386000000 |            115745.9487630000
 1785548340000 | 62954.2800000000 | 62954.2800000000 | 62954.2700000000 | 62954.2800000000 |    0.7974600000 | 1785548399999 |    50203.5161549000 |               84 |                0.4000700000 |             25186.1187996000
 1785548400000 | 62954.2800000000 | 62975.4200000000 | 62954.2700000000 | 62967.5200000000 |   41.4538700000 | 1785548459999 |  2610366.9556158000 |             1787 |               37.8260000000 |           2381905.3982461000
 1785548460000 | 62967.5300000000 | 62980.0000000000 | 62967.5200000000 | 62980.0000000000 |    1.0958300000 | 1785548519999 |    69005.2695988000 |              383 |                1.0100700000 |             63604.5036366000
 1785548520000 | 62980.0000000000 | 62981.3500000000 | 62979.9900000000 | 62981.3400000000 |    0.7354200000 | 1785548579999 |    46316.8557634000 |              211 |                0.4494000000 |             28303.2816473000
 1785548580000 | 62981.3500000000 | 62981.3500000000 | 62975.5100000000 | 62975.5200000000 |    4.4843100000 | 1785548639999 |   282417.3754672000 |              753 |                0.5291800000 |             33326.1831010000
 1785548640000 | 62975.5200000000 | 62975.5200000000 | 62975.5100000000 | 62975.5200000000 |    1.4410100000 | 1785548699999 |    90748.3517146000 |              115 |                1.2049500000 |             75882.3528240000
 1785548700000 | 62975.5100000000 | 62975.5200000000 | 62975.5100000000 | 62975.5200000000 |    1.0193100000 | 1785548759999 |    64191.5720250000 |              131 |                0.4926900000 |             31027.4089488000
 1785548760000 | 62975.5200000000 | 62975.5200000000 | 62975.5100000000 | 62975.5200000000 |    0.4651400000 | 1785548819999 |    29292.4310807000 |               90 |                0.2359300000 |             14857.8144336000
 1785548820000 | 62975.5100000000 | 62980.3800000000 | 62975.5100000000 | 62980.3800000000 |    3.5071800000 | 1785548879999 |   220867.8670307000 |              414 |                2.3311600000 |            146806.4385813000
 1785548880000 | 62980.3800000000 | 62983.2000000000 | 62976.5000000000 | 62983.2000000000 |    1.1899100000 | 1785548939999 |    74938.4228875000 |              522 |                0.5030900000 |             31683.6438628000
 1785548940000 | 62983.2000000000 | 62983.2000000000 | 62971.1800000000 | 62971.1900000000 |    2.3965200000 | 1785548999999 |   150924.2071744000 |              932 |                0.3388300000 |             21337.8680764000
 1785549000000 | 62971.1900000000 | 62971.1900000000 | 62952.0000000000 | 62952.0000000000 |    2.1061800000 | 1785549059999 |   132610.3591632000 |             1154 |                0.2134600000 |             13439.6932572000
 1785549060000 | 62952.0000000000 | 62952.0100000000 | 62950.6800000000 | 62950.6900000000 |    2.6472700000 | 1785549119999 |   166649.9609013000 |              236 |                0.2120000000 |             13345.7552888000
 1785549120000 | 62950.6800000000 | 62971.8600000000 | 62950.6800000000 | 62971.8600000000 |    1.4818400000 | 1785549179999 |    93292.0205997000 |              857 |                1.1581300000 |             72913.3056929000
 1785549180000 | 62971.8600000000 | 62971.8600000000 | 62971.8500000000 | 62971.8600000000 |    0.8765500000 | 1785549239999 |    55197.9778927000 |              161 |                0.2775200000 |             17475.9505872000
 1785549240000 | 62971.8500000000 | 62972.0000000000 | 62969.8300000000 | 62969.8400000000 |   20.5580200000 | 1785549299999 |  1294577.2816703000 |              763 |                0.7849600000 |             49430.3838168000
 1785549300000 | 62969.8400000000 | 62969.8400000000 | 62959.1100000000 | 62959.1200000000 |    0.7604600000 | 1785549359999 |    47884.8459098000 |              364 |                0.2911400000 |             18332.7259792000
 1785549360000 | 62959.1200000000 | 62959.1200000000 | 62959.1100000000 | 62959.1100000000 |    0.3555700000 | 1785549419999 |    22386.3739850000 |               95 |                0.3242300000 |             20413.2354776000
 1785549420000 | 62959.1200000000 | 62959.1200000000 | 62959.1100000000 | 62959.1200000000 |    0.8593700000 | 1785549479999 |    54105.1786923000 |              122 |                0.8331600000 |             52455.0204192000
 1785549480000 | 62959.1200000000 | 62960.2300000000 | 62959.1100000000 | 62960.2300000000 |    1.2736200000 | 1785549539999 |    80186.0024284000 |              253 |                0.4050900000 |             25504.1266201000
 1785549540000 | 62960.2300000000 | 62975.0200000000 | 62960.2300000000 | 62975.0100000000 |   31.0020000000 | 1785549599999 |  1952144.7273791000 |              883 |               28.5834900000 |           1799852.0401952000
 1785549600000 | 62975.0000000000 | 62975.0100000000 | 62975.0000000000 | 62975.0100000000 |    2.1236400000 | 1785549659999 |   133736.2494993000 |              242 |                2.0499300000 |            129094.3622493000
 1785549660000 | 62975.0000000000 | 62996.9700000000 | 62975.0000000000 | 62996.9600000000 |    4.2144000000 | 1785549719999 |   265457.2352002000 |              641 |                4.0477800000 |            254962.0931326000
 1785549720000 | 62996.9600000000 | 62996.9600000000 | 62996.0300000000 | 62996.0300000000 |    1.1170300000 | 1785549779999 |    70369.1813756000 |              245 |                0.2056300000 |             12953.8757052000
 1785549780000 | 62996.0300000000 | 62996.0400000000 | 62996.0300000000 | 62996.0300000000 |    0.6213600000 | 1785549839999 |    39143.2177608000 |               85 |                0.4560000000 |             28726.1942400000
 1785549840000 | 62996.0400000000 | 62996.0400000000 | 62995.3000000000 | 62995.3000000000 |    4.8757800000 | 1785549899999 |   307153.9407214000 |              256 |                0.4114800000 |             25921.4358429000
 1785549900000 | 62995.3100000000 | 62995.3100000000 | 62991.7800000000 | 62991.7900000000 |    1.0284000000 | 1785549959999 |    64783.7506129000 |              377 |                0.3171200000 |             19976.9524792000
 1785549960000 | 62991.7800000000 | 62991.7900000000 | 62991.7800000000 | 62991.7900000000 |    0.4406700000 | 1785550019999 |    27758.5895133000 |               90 |                0.1820700000 |             11468.9152053000
 1785550020000 | 62991.7800000000 | 62991.7900000000 | 62991.7800000000 | 62991.7900000000 |    0.6714100000 | 1785550079999 |    42293.3134089000 |              116 |                0.2399100000 |             15112.3603389000
 1785550080000 | 62991.7900000000 | 62991.7900000000 | 62991.7800000000 | 62991.7900000000 |    0.6128600000 | 1785550139999 |    38605.1454427000 |              149 |                0.3151900000 |             19854.3822901000
 1785550140000 | 62991.7800000000 | 62991.7900000000 | 62987.3500000000 | 62987.3600000000 |    2.0627700000 | 1785550199999 |   129933.5720445000 |              425 |                0.9221000000 |             58082.3084722000
 1785550200000 | 62987.3600000000 | 62987.3600000000 | 62987.3500000000 | 62987.3500000000 |    0.3030200000 | 1785550259999 |    19086.4287999000 |               99 |                0.2002900000 |             12615.7383344000
 1785550260000 | 62987.3600000000 | 62987.3600000000 | 62987.3500000000 | 62987.3600000000 |    1.9201800000 | 1785550319999 |   120947.0517174000 |              116 |                0.1994400000 |             12562.1990784000
 1785550320000 | 62987.3500000000 | 62987.3600000000 | 62987.3500000000 | 62987.3600000000 |    0.4540700000 | 1785550379999 |    28600.6690357000 |              117 |                0.3021200000 |             19029.7412032000
 1785550380000 | 62987.3600000000 | 63024.0400000000 | 62987.3600000000 | 63024.0400000000 |    9.0280900000 | 1785550439999 |   568795.7183512000 |              867 |                8.7022600000 |            548262.0815100000
 1785550440000 | 63024.0300000000 | 63028.0000000000 | 63018.0000000000 | 63018.0000000000 |    4.1082800000 | 1785550499999 |   258924.1539339000 |              883 |                0.4421100000 |             27863.9981536000
 1785550500000 | 63018.0100000000 | 63040.0000000000 | 63018.0000000000 | 63039.9900000000 |    2.8134000000 | 1785550559999 |   177343.2861164000 |              541 |                2.4996100000 |            157562.0784890000
 1785550560000 | 63040.0000000000 | 63048.8800000000 | 63034.1800000000 | 63034.1800000000 |    6.1676300000 | 1785550619999 |   388825.9195238000 |              958 |                3.7582200000 |            236924.6414342000
 1785550620000 | 63034.1800000000 | 63034.1900000000 | 63034.1800000000 | 63034.1900000000 |    0.2541500000 | 1785550679999 |    16020.1386149000 |               56 |                0.1767900000 |             11143.8144501000
 1785550680000 | 63034.1900000000 | 63037.8600000000 | 63034.1800000000 | 63037.8600000000 |    0.7854800000 | 1785550739999 |    49514.0490550000 |              276 |                0.7679600000 |             48409.6484935000
 1785550740000 | 63037.8600000000 | 63043.2500000000 | 63037.8600000000 | 63043.2500000000 |    1.4474700000 | 1785550799999 |    91248.1906466000 |              353 |                1.3991000000 |             88198.8313798000
 1785550800000 | 63043.2400000000 | 63069.4800000000 | 63043.2400000000 | 63069.4700000000 |   11.4003700000 | 1785550859999 |   718849.6343099000 |              763 |               11.2938000000 |            712130.1448375000
 1785550860000 | 63069.4800000000 | 63076.0000000000 | 63069.4700000000 | 63076.0000000000 |    2.1916200000 | 1785550919999 |   138230.6594517000 |              368 |                1.9996100000 |            126119.6478574000
 1785550920000 | 63075.9900000000 | 63087.8200000000 | 63075.9900000000 | 63087.8100000000 |    3.8434200000 | 1785550979999 |   242441.2834296000 |              522 |                3.4613500000 |            218338.3855950000
 1785550980000 | 63087.8000000000 | 63087.8000000000 | 63075.3100000000 | 63075.3100000000 |    5.1436200000 | 1785551039999 |   324479.2083247000 |              674 |                1.3877600000 |             87544.9124971000
 1785551040000 | 63075.3000000000 | 63075.3100000000 | 63060.0000000000 | 63060.0000000000 |    2.6473600000 | 1785551099999 |   166972.3698128000 |              906 |                0.4556600000 |             28739.5636891000
 1785551100000 | 63060.0000000000 | 63063.8800000000 | 63058.0000000000 | 63063.8800000000 |    0.5872900000 | 1785551159999 |    37034.4932381000 |              329 |                0.4666800000 |             29428.9470694000
 1785551160000 | 63063.8800000000 | 63063.8800000000 | 63063.8700000000 | 63063.8800000000 |    0.5217700000 | 1785551219999 |    32904.8394125000 |               94 |                0.3962600000 |             24989.6930888000
 1785551220000 | 63063.8700000000 | 63063.8900000000 | 63063.8700000000 | 63063.8900000000 |    1.5704500000 | 1785551279999 |    99038.6753235000 |              186 |                1.3970700000 |             88104.6601389000
 1785551280000 | 63063.8900000000 | 63080.0000000000 | 63063.8800000000 | 63080.0000000000 |    4.7093600000 | 1785551339999 |   297033.0965428000 |              561 |                4.6022300000 |            290275.9227101000
 1785551340000 | 63080.0000000000 | 63080.0000000000 | 63070.0000000000 | 63070.0100000000 |    2.8246600000 | 1785551399999 |   178165.1022705000 |              568 |                0.6593400000 |             41585.4415494000
 1785551400000 | 63070.0100000000 | 63070.0100000000 | 63070.0000000000 | 63070.0100000000 |    5.0534500000 | 1785551459999 |   318721.1403813000 |              127 |                4.8881300000 |            308294.4079813000
 1785551460000 | 63070.0100000000 | 63070.0100000000 | 63070.0000000000 | 63070.0100000000 |    1.5160100000 | 1785551519999 |    95614.7638981000 |              118 |                1.3198100000 |             83240.4298981000
 1785551520000 | 63070.0000000000 | 63079.3900000000 | 63070.0000000000 | 63079.3900000000 |    5.6557600000 | 1785551579999 |   356714.3633836000 |              459 |                5.5872600000 |            352393.7665594000
 1785551580000 | 63079.3900000000 | 63079.4000000000 | 63079.3800000000 | 63079.4000000000 |    1.3613000000 | 1785551639999 |    85869.9758892000 |              108 |                1.3071500000 |             82454.2269394000
 1785551640000 | 63079.4000000000 | 63080.1200000000 | 63079.3900000000 | 63080.1100000000 |    2.5973000000 | 1785551699999 |   163836.2215105000 |              186 |                2.2765900000 |            143606.0036316000
 1785551700000 | 63080.1200000000 | 63087.7100000000 | 63080.1100000000 | 63087.7100000000 |    3.8047600000 | 1785551759999 |   240012.9784984000 |              500 |                3.6445900000 |            229909.1435923000
 1785551760000 | 63087.7000000000 | 63098.8000000000 | 63087.7000000000 | 63098.8000000000 |    3.0197000000 | 1785551819999 |   190526.8938390000 |              506 |                2.7175700000 |            171465.5202908000
 1785551820000 | 63098.7900000000 | 63098.8000000000 | 63091.4500000000 | 63091.4600000000 |    1.5773200000 | 1785551879999 |    99524.0294403000 |              401 |                0.2956300000 |             18652.9043952000
 1785551880000 | 63091.4500000000 | 63091.4600000000 | 63090.0000000000 | 63090.0000000000 |    5.9873400000 | 1785551939999 |   377743.4168949000 |              193 |                3.7837200000 |            238715.1193537000
 1785551940000 | 63090.0000000000 | 63090.0100000000 | 63080.0000000000 | 63080.0100000000 |   13.7909500000 | 1785551999999 |   869978.2218768000 |              575 |               10.2559600000 |            646967.1067290000
 1785552000000 | 63080.0100000000 | 63080.0100000000 | 63080.0000000000 | 63080.0100000000 |    0.1861400000 | 1785552059999 |    11741.7127066000 |               67 |                0.1506600000 |              9503.6343066000
 1785552060000 | 63080.0100000000 | 63080.0100000000 | 63080.0000000000 | 63080.0100000000 |    0.2502500000 | 1785552119999 |    15785.7719838000 |               61 |                0.1983800000 |             12513.8123838000
 1785552120000 | 63080.0000000000 | 63081.2800000000 | 63080.0000000000 | 63081.2800000000 |    6.0609700000 | 1785552179999 |   382327.3060424000 |              263 |                5.8530800000 |            369213.3999914000
 1785552180000 | 63081.2800000000 | 63081.2800000000 | 63078.0000000000 | 63078.0100000000 |   13.7987600000 | 1785552239999 |   870423.9784387000 |              353 |               10.9256000000 |            689184.4057595000
 1785552240000 | 63078.0100000000 | 63085.0400000000 | 63072.0000000000 | 63085.0100000000 |   43.1343100000 | 1785552299999 |  2720795.7829199000 |             1200 |               35.4504200000 |           2236103.8349154000
 1785552300000 | 63085.0000000000 | 63085.0100000000 | 63075.0500000000 | 63075.0500000000 |    3.0605300000 | 1785552359999 |   193055.9989015000 |              542 |                0.1535200000 |              9683.6099117000
 1785552360000 | 63075.0600000000 | 63075.0600000000 | 63075.0500000000 | 63075.0600000000 |    0.4496700000 | 1785552419999 |    28362.9601812000 |               76 |                0.2447700000 |             15438.8824362000
 1785552420000 | 63075.0600000000 | 63089.1800000000 | 63075.0500000000 | 63085.8800000000 |    1.9000200000 | 1785552479999 |   119857.4969816000 |              713 |                1.4511700000 |             91540.5199537000
 1785552480000 | 63085.8800000000 | 63106.5500000000 | 63084.0000000000 | 63106.5500000000 |    9.1308600000 | 1785552539999 |   576058.8801242000 |             1068 |                9.0090000000 |            568370.3170464000
 1785552540000 | 63106.5500000000 | 63106.5500000000 | 63063.8900000000 | 63063.9000000000 |   77.6457000000 | 1785552599999 |  4898185.9644217000 |             1145 |               24.4368400000 |           1541359.2528768000
 1785552600000 | 63063.9000000000 | 63066.0200000000 | 63063.8900000000 | 63066.0100000000 |    0.9796200000 | 1785552659999 |    61780.0433897000 |              306 |                0.8613000000 |             54318.1268921000
 1785552660000 | 63066.0100000000 | 63066.0200000000 | 63066.0100000000 | 63066.0200000000 |    1.5317600000 | 1785552719999 |    96602.0045931000 |              103 |                1.3115500000 |             82714.2385310000
 1785552720000 | 63066.0100000000 | 63066.0200000000 | 63063.8900000000 | 63063.9000000000 |    1.3827700000 | 1785552779999 |    87205.6983485000 |              169 |                0.2021300000 |             12747.5121506000
 1785552780000 | 63063.9000000000 | 63063.9000000000 | 63063.8800000000 | 63063.8900000000 |    3.7848000000 | 1785552839999 |   238684.1903188000 |              209 |                0.4335800000 |             27343.2434951000
 1785552840000 | 63063.8800000000 | 63073.0300000000 | 63063.8800000000 | 63073.0300000000 |   21.0003700000 | 1785552899999 |  1324413.5999979000 |              459 |               20.7090500000 |           1306041.6062721000
 1785552900000 | 63073.0300000000 | 63073.0300000000 | 63056.1500000000 | 63056.1500000000 |    6.2961500000 | 1785552959999 |   397071.7957405000 |              561 |                1.7598500000 |            110982.1945997000
 1785552960000 | 63056.1600000000 | 63056.1600000000 | 63056.1500000000 | 63056.1600000000 |    0.7266300000 | 1785553019999 |    45818.4964188000 |               91 |                0.6144300000 |             38743.5963888000
 1785553020000 | 63056.1600000000 | 63056.1600000000 | 63056.1500000000 | 63056.1600000000 |    0.5494000000 | 1785553079999 |    34643.0510030000 |               85 |                0.2193000000 |             13828.2158880000
 1785553080000 | 63056.1600000000 | 63067.0100000000 | 63056.1600000000 | 63067.0100000000 |    2.0312400000 | 1785553139999 |   128088.1873103000 |              905 |                1.9582200000 |            123483.2949872000
 1785553140000 | 63067.0100000000 | 63075.0800000000 | 63061.4100000000 | 63075.0700000000 |   29.9169700000 | 1785553199999 |  1886750.3787809000 |              911 |               29.1245300000 |           1836771.7208773000
 1785553200000 | 63075.0800000000 | 63075.0800000000 | 63071.2200000000 | 63074.5800000000 |    9.5994900000 | 1785553259999 |   605485.4547693000 |              579 |                0.5277300000 |             33286.1557194000
 1785553260000 | 63074.5800000000 | 63074.5800000000 | 63066.0200000000 | 63066.0200000000 |    2.8170300000 | 1785553319999 |   177672.9602840000 |              582 |                0.5850700000 |             36901.0928679000
 1785553320000 | 63066.0200000000 | 63066.0300000000 | 63060.0000000000 | 63060.0100000000 |    1.4620300000 | 1785553379999 |    92198.6929254000 |              318 |                0.4905000000 |             30931.3566038000
 1785553380000 | 63060.0000000000 | 63060.0100000000 | 63060.0000000000 | 63060.0100000000 |    0.8955800000 | 1785553439999 |    56475.2784613000 |               97 |                0.3661300000 |             23088.1614613000
 1785553440000 | 63060.0100000000 | 63060.0100000000 | 63050.0000000000 | 63050.0000000000 |    1.3893300000 | 1785553499999 |    87606.3862226000 |              498 |                0.3544200000 |             22349.1464842000
 1785553500000 | 63050.0000000000 | 63050.0100000000 | 63041.4700000000 | 63041.4700000000 |    2.3911100000 | 1785553559999 |   150753.5335321000 |              464 |                0.6136100000 |             38687.1417880000
 1785553560000 | 63041.4800000000 | 63041.4800000000 | 63041.4700000000 | 63041.4700000000 |    0.6269300000 | 1785553619999 |    39522.5916280000 |              172 |                0.2840900000 |             17909.4540532000
 1785553620000 | 63041.4800000000 | 63053.9900000000 | 63041.4700000000 | 63053.9900000000 |    2.6674900000 | 1785553679999 |   168177.7214640000 |              668 |                1.4163000000 |             89293.8924303000
 1785553680000 | 63054.0000000000 | 63054.0000000000 | 63053.9900000000 | 63054.0000000000 |    0.6801200000 | 1785553739999 |    42884.2818021000 |              137 |                0.2123300000 |             13388.2558200000
 1785553740000 | 63054.0000000000 | 63059.0600000000 | 63044.0100000000 | 63044.0200000000 |    4.2702700000 | 1785553799999 |   269271.2054528000 |              657 |                1.1468200000 |             72314.0878622000
 1785553800000 | 63044.0100000000 | 63044.0200000000 | 63024.1800000000 | 63030.0000000000 |    8.1855700000 | 1785553859999 |   515978.2562223000 |             1219 |                0.7992300000 |             50376.6269875000
 1785553860000 | 63029.9900000000 | 63030.0000000000 | 63016.0000000000 | 63016.0100000000 |    1.9458200000 | 1785553919999 |   122634.0015262000 |              757 |                0.2072300000 |             13059.4308381000
 1785553920000 | 63016.0100000000 | 63016.0100000000 | 62987.3500000000 | 62987.3600000000 |   12.2333600000 | 1785553979999 |   770613.9843498000 |             1261 |                0.4422700000 |             27859.7080133000
 1785553980000 | 62987.3600000000 | 62987.3600000000 | 62987.3500000000 | 62987.3600000000 |    0.3673700000 | 1785554039999 |    23139.6655313000 |               74 |                0.2761800000 |             17395.8490848000
 1785554040000 | 62987.3500000000 | 62987.3600000000 | 62987.3500000000 | 62987.3600000000 |    0.4857800000 | 1785554099999 |    30597.9977725000 |               92 |                0.2889500000 |             18200.1976720000
 1785554100000 | 62987.3600000000 | 62987.3600000000 | 62987.3500000000 | 62987.3500000000 |    0.5463700000 | 1785554159999 |    34414.4026413000 |              118 |                0.4221800000 |             26592.0036448000
 1785554160000 | 62987.3600000000 | 62987.3600000000 | 62970.6500000000 | 62984.8100000000 |    7.3326200000 | 1785554219999 |   461784.4707118000 |             1118 |                4.4885100000 |            282650.3681871000
 1785554220000 | 62984.8000000000 | 62992.2500000000 | 62984.8000000000 | 62992.2400000000 |    2.3958700000 | 1785554279999 |   150909.7118185000 |              398 |                2.2885200000 |            144147.6258729000
 1785554280000 | 62992.2500000000 | 63004.3900000000 | 62992.2400000000 | 63004.3900000000 |    2.4283800000 | 1785554339999 |   152990.0406280000 |              485 |                1.8451400000 |            116245.7616230000
 1785554340000 | 63004.3800000000 | 63004.3900000000 | 63004.3800000000 | 63004.3900000000 |    1.1249400000 | 1785554399999 |    70876.1492497000 |              107 |                0.2012500000 |             12679.6334875000
 1785554400000 | 63004.3900000000 | 63020.1700000000 | 63004.3800000000 | 63018.0000000000 |    3.5793000000 | 1785554459999 |   225552.1066361000 |              878 |                3.1203900000 |            196632.4103165000
 1785554460000 | 63017.9900000000 | 63018.0000000000 | 63011.6300000000 | 63011.6300000000 |    2.1635300000 | 1785554519999 |   136330.7178067000 |              527 |                0.1320000000 |              8317.6423154000
 1785554520000 | 63011.6400000000 | 63032.4100000000 | 63011.6300000000 | 63032.4100000000 |    3.0723000000 | 1785554579999 |   193620.8817329000 |              730 |                2.6811500000 |            168966.8289560000
 1785554580000 | 63032.4200000000 | 63049.0400000000 | 63032.4100000000 | 63049.0400000000 |    3.6800200000 | 1785554639999 |   231993.2138984000 |              683 |                3.5713200000 |            225140.5503984000
 1785554640000 | 63049.0400000000 | 63049.9200000000 | 63049.0300000000 | 63049.9200000000 |    2.9526100000 | 1785554699999 |   186160.3143357000 |              248 |                2.9102700000 |            183490.7869719000
 1785554700000 | 63049.9200000000 | 63050.0000000000 | 63049.9100000000 | 63049.9900000000 |    4.2125200000 | 1785554759999 |   265599.1015249000 |              276 |                3.0579700000 |            192804.8236904000
 1785554760000 | 63050.0000000000 | 63050.0000000000 | 63045.9900000000 | 63045.9900000000 |    2.1354100000 | 1785554819999 |   134635.6064923000 |              291 |                1.0685600000 |             67372.1487200000
 1785554820000 | 63045.9900000000 | 63045.9900000000 | 63030.8800000000 | 63030.8800000000 |    4.4980000000 | 1785554879999 |   283551.0092997000 |              834 |                0.9697100000 |             61125.6318056000
 1785554880000 | 63030.8700000000 | 63030.8700000000 | 63020.1600000000 | 63020.1600000000 |    1.2965600000 | 1785554939999 |    81713.9787966000 |              469 |                0.3627200000 |             22858.8396544000
 1785554940000 | 63020.1700000000 | 63020.1700000000 | 63018.7600000000 | 63018.7700000000 |    3.5822500000 | 1785554999999 |   225752.8161339000 |              258 |                0.1858600000 |             11712.6739962000
 1785555000000 | 63018.7700000000 | 63030.9500000000 | 63018.7600000000 | 63030.9500000000 |    2.2686200000 | 1785555059999 |   142983.4367122000 |              704 |                1.2187400000 |             76809.6337938000
 1785555060000 | 63030.9500000000 | 63030.9500000000 | 63030.9400000000 | 63030.9500000000 |    0.6156600000 | 1785555119999 |    38805.6328816000 |              107 |                0.4361200000 |             27489.0579140000
 1785555120000 | 63030.9400000000 | 63030.9500000000 | 63030.9400000000 | 63030.9400000000 |    0.7380900000 | 1785555179999 |    46522.5106687000 |               75 |                0.4164100000 |             26246.7178895000
 1785555180000 | 63030.9500000000 | 63030.9500000000 | 63030.9400000000 | 63030.9500000000 |    0.2857600000 | 1785555239999 |    18011.7235746000 |               87 |                0.2160200000 |             13615.9458190000
 1785555240000 | 63030.9400000000 | 63030.9500000000 | 62976.0000000000 | 62991.6900000000 |   56.4017500000 | 1785555299999 |  3554022.2441790000 |             1555 |                5.5331100000 |            348501.3575465000
 1785555300000 | 62991.6900000000 | 63003.5300000000 | 62980.2100000000 | 63003.5200000000 |    3.5002300000 | 1785555359999 |   220500.2501895000 |             1083 |                2.5942700000 |            163431.8212392000
 1785555360000 | 63003.5300000000 | 63009.5800000000 | 63003.5200000000 | 63009.5700000000 |    0.7500200000 | 1785555419999 |    47257.5849634000 |              346 |                0.4892700000 |             30827.8737079000
 1785555420000 | 63009.5700000000 | 63009.5800000000 | 63009.5700000000 | 63009.5800000000 |    1.7033500000 | 1785555479999 |   107327.3667840000 |              107 |                1.5724500000 |             99079.4140710000
 1785555480000 | 63009.5700000000 | 63024.0000000000 | 63009.5700000000 | 63024.0000000000 |    1.6233800000 | 1785555539999 |   102300.1644512000 |              498 |                1.4384000000 |             90643.0193745000
 1785555540000 | 63023.9900000000 | 63024.0000000000 | 62981.9200000000 | 62982.0000000000 |  114.2323900000 | 1785555599999 |  7196419.1614808000 |             1301 |               22.6554800000 |           1426906.6451971000
 1785555600000 | 62982.0000000000 | 62994.5800000000 | 62982.0000000000 | 62994.5700000000 |    1.7144500000 | 1785555659999 |   107995.8766171000 |              394 |                1.2452300000 |             78437.5696736000
 1785555660000 | 62994.5700000000 | 62994.5800000000 | 62990.0000000000 | 62990.0000000000 |    3.9076400000 | 1785555719999 |   246157.1277108000 |              571 |                0.3388300000 |             21343.6278339000
 1785555720000 | 62990.0000000000 | 62997.7300000000 | 62990.0000000000 | 62997.7200000000 |    1.1651200000 | 1785555779999 |    73395.8256011000 |              579 |                1.0986000000 |             69205.3113134000
 1785555780000 | 62997.7300000000 | 62997.7300000000 | 62997.7200000000 | 62997.7300000000 |    0.6903200000 | 1785555839999 |    43488.5901026000 |               95 |                0.4032200000 |             25401.9446906000
 1785555840000 | 62997.7300000000 | 62997.7500000000 | 62997.7200000000 | 62997.7500000000 |    0.9314600000 | 1785555899999 |    58679.8754901000 |              184 |                0.3454200000 |             21760.6807859000
 1785555900000 | 62997.7500000000 | 63003.2900000000 | 62997.7400000000 | 63003.2900000000 |    1.2825000000 | 1785555959999 |    80801.1422780000 |              240 |                0.9333700000 |             58804.8108434000
 1785555960000 | 63003.2900000000 | 63003.2900000000 | 62993.5400000000 | 62993.5400000000 |    2.7458700000 | 1785556019999 |   172986.5404434000 |              549 |                0.3776200000 |             23790.7369682000
 1785556020000 | 62993.5500000000 | 62993.5500000000 | 62993.5400000000 | 62993.5500000000 |    1.2210100000 | 1785556079999 |    76915.7497418000 |              166 |                0.7466400000 |             47033.5041720000
 1785556080000 | 62993.5500000000 | 62996.0000000000 | 62987.4300000000 | 62987.4300000000 |    1.5569300000 | 1785556139999 |    98077.3053573000 |              464 |                0.4849000000 |             30545.8370608000
 1785556140000 | 62987.4300000000 | 63010.6500000000 | 62982.0000000000 | 63010.6400000000 |   45.3699300000 | 1785556199999 |  2857923.7779258000 |             1220 |               42.9176300000 |           2703426.0907586000
 1785556200000 | 63010.6500000000 | 63015.9500000000 | 63010.6400000000 | 63015.9500000000 |    2.9318500000 | 1785556259999 |   184742.3711805000 |              318 |                2.6981900000 |            170018.2852761000
 1785556260000 | 63015.9500000000 | 63015.9500000000 | 63005.8500000000 | 63005.8500000000 |    0.9222000000 | 1785556319999 |    58109.2969802000 |              312 |                0.4232100000 |             26666.8651337000
 1785556320000 | 63005.8600000000 | 63008.6200000000 | 63005.8500000000 | 63008.6200000000 |    1.6741900000 | 1785556379999 |   105484.3685806000 |              195 |                0.4368000000 |             27521.0862055000
 1785556380000 | 63008.6200000000 | 63018.6400000000 | 63008.6100000000 | 63018.6300000000 |    6.6587000000 | 1785556439999 |   419596.5928332000 |              835 |                5.9546500000 |            375233.9175798000
 1785556440000 | 63018.6400000000 | 63018.6400000000 | 62998.0000000000 | 62998.0100000000 |   33.7565600000 | 1785556499999 |  2126976.3870883000 |              776 |                0.9520100000 |             59981.3979222000
 1785556500000 | 62998.0100000000 | 62998.0500000000 | 62998.0000000000 | 62998.0500000000 |    0.4169200000 | 1785556559999 |    26265.1372745000 |              164 |                0.2488500000 |             15677.0587317000
 1785556560000 | 62998.0500000000 | 62998.0500000000 | 62998.0400000000 | 62998.0500000000 |    0.2589300000 | 1785556619999 |    16312.0843703000 |               98 |                0.1873100000 |             11800.1647455000
 1785556620000 | 62998.0400000000 | 62998.6300000000 | 62998.0400000000 | 62998.6300000000 |    2.7006900000 | 1785556679999 |   170139.6435728000 |              202 |                1.3841000000 |             87196.2977808000
 1785556680000 | 62998.6300000000 | 62999.1300000000 | 62998.6200000000 | 62999.1200000000 |    1.1707800000 | 1785556739999 |    73757.6899130000 |              216 |                0.8139500000 |             51277.8595776000
 1785556740000 | 62999.1300000000 | 63004.4800000000 | 62999.1200000000 | 63004.4800000000 |    0.7425600000 | 1785556799999 |    46783.7282049000 |              216 |                0.3803000000 |             23959.7603607000
 1785556800000 | 63004.4700000000 | 63004.4800000000 | 63004.4700000000 | 63004.4800000000 |    0.5630200000 | 1785556859999 |    35472.7800287000 |              135 |                0.3329300000 |             20976.0815264000
 1785556860000 | 63004.4800000000 | 63004.4800000000 | 63004.4700000000 | 63004.4700000000 |    2.2874000000 | 1785556919999 |   144116.4396964000 |              163 |                1.5018400000 |             94622.6482432000
 1785556920000 | 63004.4800000000 | 63013.3200000000 | 63004.4700000000 | 63013.3200000000 |    1.7780100000 | 1785556979999 |   112027.0869948000 |              524 |                1.7254500000 |            108715.5630348000
 1785556980000 | 63013.3200000000 | 63013.3200000000 | 63013.3100000000 | 63013.3200000000 |    0.3262400000 | 1785557039999 |    20557.4645555000 |               72 |                0.2301100000 |             14499.9950652000
 1785557040000 | 63013.3200000000 | 63013.3200000000 | 62994.9900000000 | 62995.0000000000 |   26.8500200000 | 1785557099999 |  1691552.3264483000 |              683 |                8.5308600000 |            537407.0190267000
 1785557100000 | 62995.0000000000 | 63002.0000000000 | 62995.0000000000 | 63001.9900000000 |    2.2641000000 | 1785557159999 |   142636.2998734000 |              306 |                1.5081900000 |             95012.4656125000
 1785557160000 | 63001.9900000000 | 63002.0000000000 | 62993.2000000000 | 62993.2000000000 |    3.1971800000 | 1785557219999 |   201424.1656071000 |              478 |                0.5003800000 |             31523.0478047000
 1785557220000 | 62993.2100000000 | 62998.0100000000 | 62993.2000000000 | 62998.0100000000 |    2.6744100000 | 1785557279999 |   168478.0360919000 |              286 |                0.6368300000 |             40118.4655011000
 1785557280000 | 62998.0000000000 | 63000.0000000000 | 62998.0000000000 | 63000.0000000000 |    0.8333700000 | 1785557339999 |    52501.6221005000 |              272 |                0.7302200000 |             46003.2353245000
 1785557340000 | 63000.0000000000 | 63000.0000000000 | 62999.9900000000 | 63000.0000000000 |    0.6999800000 | 1785557399999 |    44098.7361473000 |               95 |                0.3147100000 |             19826.7300000000
 1785557400000 | 63000.0000000000 | 63001.9900000000 | 63000.0000000000 | 63001.9800000000 |    3.0192300000 | 1785557459999 |   190213.4592568000 |              220 |                2.8971600000 |            182522.8075582000
 1785557460000 | 63001.9800000000 | 63001.9900000000 | 63001.9800000000 | 63001.9800000000 |    1.1310900000 | 1785557519999 |    71260.9123856000 |              128 |                0.2827400000 |             17813.1826526000
 1785557520000 | 63001.9900000000 | 63012.3800000000 | 63001.9800000000 | 63012.3800000000 |    2.7600100000 | 1785557579999 |   173908.4084143000 |              375 |                2.5181100000 |            158666.8039443000
 1785557580000 | 63012.3700000000 | 63012.7800000000 | 63012.3700000000 | 63012.7800000000 |    0.7200300000 | 1785557639999 |    45370.8930847000 |              258 |                0.5182800000 |             32658.0895913000
 1785557640000 | 63012.7800000000 | 63014.0000000000 | 63012.7800000000 | 63013.9900000000 |    0.5386400000 | 1785557699999 |    33941.7805670000 |              185 |                0.3796200000 |             23921.2958772000
 1785557700000 | 63014.0000000000 | 63015.6200000000 | 63013.9900000000 | 63015.6100000000 |    2.1484800000 | 1785557759999 |   135386.1044182000 |              203 |                1.1614700000 |             73189.3562973000
 1785557760000 | 63015.6100000000 | 63015.6200000000 | 63015.6100000000 | 63015.6100000000 |    0.4666000000 | 1785557819999 |    29403.0881318000 |              161 |                0.4505800000 |             28393.5780596000
 1785557820000 | 63015.6200000000 | 63015.6200000000 | 63015.6100000000 | 63015.6200000000 |    0.6338600000 | 1785557879999 |    39943.0777250000 |              136 |                0.3170400000 |             19978.4721648000
 1785557880000 | 63015.6100000000 | 63020.3700000000 | 63015.6100000000 | 63020.3700000000 |    0.9546400000 | 1785557939999 |    60160.4188433000 |              511 |                0.9160700000 |             57729.7596793000
 1785557940000 | 63020.3700000000 | 63030.0000000000 | 63020.3600000000 | 63030.0000000000 |    1.4697900000 | 1785557999999 |    92629.6775937000 |              533 |                1.1031000000 |             69520.6726493000
 1785558000000 | 63030.0000000000 | 63035.2100000000 | 63030.0000000000 | 63032.0100000000 |    0.7105000000 | 1785558059999 |    44785.5884004000 |              349 |                0.3943000000 |             24853.9625517000
 1785558060000 | 63032.0100000000 | 63035.2100000000 | 63032.0000000000 | 63035.2000000000 |    0.6240500000 | 1785558119999 |    39335.7343477000 |              170 |                0.6051600000 |             38145.0474837000
 1785558120000 | 63035.2100000000 | 63049.3600000000 | 63035.2100000000 | 63049.3600000000 |    2.1762900000 | 1785558179999 |   137208.8371769000 |              502 |                1.5691200000 |             98927.1744702000
 1785558180000 | 63049.3600000000 | 63049.3600000000 | 63049.3500000000 | 63049.3500000000 |    0.3242500000 | 1785558239999 |    20443.7538254000 |               63 |                0.2087900000 |             13164.0758744000
 1785558240000 | 63049.3500000000 | 63049.3600000000 | 63049.3500000000 | 63049.3600000000 |    0.6107000000 | 1785558299999 |    38504.2436271000 |              102 |                0.5582100000 |             35194.7832456000
 1785558300000 | 63049.3500000000 | 63049.3600000000 | 63049.3500000000 | 63049.3600000000 |    0.4844600000 | 1785558359999 |    30544.8895712000 |               96 |                0.1470200000 |              9269.5169072000
 1785558360000 | 63049.3500000000 | 63049.3600000000 | 63049.3500000000 | 63049.3600000000 |    0.3095800000 | 1785558419999 |    19518.8201728000 |               80 |                0.2399800000 |             15130.5854128000
 1785558420000 | 63049.3500000000 | 63049.3600000000 | 63049.3500000000 | 63049.3500000000 |    0.8363500000 | 1785558479999 |    52731.3269326000 |               87 |                0.3060100000 |             19293.7346536000
 1785558480000 | 63049.3600000000 | 63049.3600000000 | 63049.3500000000 | 63049.3600000000 |    0.2032500000 | 1785558539999 |    12814.7822180000 |               79 |                0.1830500000 |             11541.1853480000
 1785558540000 | 63049.3500000000 | 63050.1000000000 | 63043.8000000000 | 63050.1000000000 |   21.8532600000 | 1785558599999 |  1377740.1251511000 |              602 |               20.2912000000 |           1279254.4222490000
 1785558600000 | 63050.1000000000 | 63050.1100000000 | 63050.1000000000 | 63050.1100000000 |    0.5552900000 | 1785558659999 |    35011.0916167000 |              112 |                0.1587700000 |             10010.4659647000
 1785558660000 | 63050.1100000000 | 63053.4600000000 | 63050.1000000000 | 63053.4600000000 |    1.3442900000 | 1785558719999 |    84760.5710098000 |              281 |                0.6194100000 |             39054.5457008000
 1785558720000 | 63053.4600000000 | 63054.5300000000 | 63050.7100000000 | 63050.7200000000 |    1.3444000000 | 1785558779999 |    84769.0583902000 |              499 |                0.2650600000 |             16712.8293749000
 1785558780000 | 63050.7100000000 | 63050.7200000000 | 63050.7100000000 | 63050.7200000000 |    0.8809300000 | 1785558839999 |    55543.2658362000 |               78 |                0.3875900000 |             24437.8285648000
 1785558840000 | 63050.7100000000 | 63050.7200000000 | 63046.0000000000 | 63046.0100000000 |    1.5150000000 | 1785558899999 |    95518.8978156000 |              301 |                0.3168200000 |             19974.2747566000
 1785558900000 | 63046.0100000000 | 63046.0100000000 | 63046.0000000000 | 63046.0100000000 |    0.2468000000 | 1785558959999 |    15559.7549258000 |               61 |                0.2125800000 |             13402.3208058000
 1785558960000 | 63046.0100000000 | 63046.0100000000 | 63046.0000000000 | 63046.0100000000 |    0.5392200000 | 1785559019999 |    33995.6665748000 |               96 |                0.2454800000 |             15476.5345348000
 1785559020000 | 63046.0000000000 | 63046.0100000000 | 63046.0000000000 | 63046.0100000000 |    1.5547500000 | 1785559079999 |    98020.7802772000 |               66 |                1.1777200000 |             74250.5468972000
 1785559080000 | 63046.0000000000 | 63046.0100000000 | 63046.0000000000 | 63046.0000000000 |    0.9310000000 | 1785559139999 |    58695.8294865000 |               92 |                0.3486500000 |             21980.9913865000
 1785559140000 | 63046.0000000000 | 63052.1100000000 | 63046.0000000000 | 63052.1100000000 |   13.3120500000 | 1785559199999 |   839295.0480560000 |              414 |               13.0355500000 |            821862.8290560000
 1785577200000 | 63106.9400000000 | 63106.9500000000 | 63106.9400000000 | 63106.9500000000 |    0.7348200000 | 1785577259999 |    46372.2434842000 |              153 |                0.1833400000 |             11570.0282130000
 1785577260000 | 63106.9500000000 | 63106.9500000000 | 63106.9400000000 | 63106.9400000000 |    0.6286400000 | 1785577319999 |    39671.5500045000 |              125 |                0.3242900000 |             20464.9528155000
 1785577320000 | 63106.9400000000 | 63106.9500000000 | 63106.9400000000 | 63106.9500000000 |    0.3994200000 | 1785577379999 |    25206.1775004000 |              121 |                0.3525600000 |             22248.9862920000
 1785577380000 | 63106.9400000000 | 63106.9500000000 | 63106.9400000000 | 63106.9500000000 |    0.4687400000 | 1785577439999 |    29580.7486509000 |              189 |                0.1595300000 |             10067.4517335000
 1785577440000 | 63106.9500000000 | 63107.9100000000 | 63100.0000000000 | 63107.9100000000 |   22.3471300000 | 1785577499999 |  1410222.7861401000 |             1154 |               21.4740500000 |           1355127.0715750000
 1785577500000 | 63107.9100000000 | 63107.9100000000 | 63100.0000000000 | 63100.0100000000 |    2.3301600000 | 1785577559999 |   147047.7392271000 |              296 |                0.1725900000 |             10890.7101489000
 1785577560000 | 63100.0100000000 | 63100.0100000000 | 63100.0000000000 | 63100.0100000000 |    1.3494700000 | 1785577619999 |    85151.5587704000 |              108 |                0.1770400000 |             11171.2257704000
 1785577620000 | 63100.0100000000 | 63100.0100000000 | 63100.0000000000 | 63100.0100000000 |    1.0101600000 | 1785577679999 |    63741.0981318000 |               89 |                0.2131800000 |             13451.6601318000
 1785577680000 | 63100.0000000000 | 63100.0100000000 | 63091.3400000000 | 63091.3400000000 |   21.1295700000 | 1785577739999 |  1333266.3139329000 |              457 |                0.3482000000 |             21969.1680056000
 1785577740000 | 63091.3500000000 | 63091.3500000000 | 63073.2300000000 | 63074.9600000000 |    9.1562800000 | 1785577799999 |   577601.2177976000 |             1281 |                0.3636400000 |             22938.5161844000
 1785577800000 | 63074.9700000000 | 63074.9700000000 | 63074.9600000000 | 63074.9600000000 |    0.6128600000 | 1785577859999 |    38656.1218066000 |              117 |                0.1821000000 |             11485.9520370000
 1785577860000 | 63074.9600000000 | 63081.9300000000 | 63074.9600000000 | 63081.9300000000 |    2.8167400000 | 1785577919999 |   177668.5291529000 |              322 |                2.6951800000 |            170001.1281152000
 1785577920000 | 63081.9300000000 | 63081.9300000000 | 63070.0100000000 | 63070.0200000000 |    1.5370800000 | 1785577979999 |    96952.1643171000 |              694 |                0.2404400000 |             15165.9865240000
 1785577980000 | 63070.0100000000 | 63070.0200000000 | 63065.0700000000 | 63065.0800000000 |    0.6960600000 | 1785578039999 |    43899.0124961000 |              331 |                0.3041400000 |             19181.4855856000
 1785578040000 | 63065.0700000000 | 63065.0800000000 | 63055.1800000000 | 63055.1900000000 |    6.4111100000 | 1785578099999 |   404297.7574216000 |              965 |                0.2554800000 |             16110.9291806000
 1785578100000 | 63055.1800000000 | 63055.1900000000 | 63052.9300000000 | 63052.9300000000 |    1.7160300000 | 1785578159999 |   108201.3258332000 |              315 |                1.1024900000 |             69515.2743828000
 1785578160000 | 63052.9300000000 | 63052.9400000000 | 63048.0000000000 | 63048.0000000000 |    1.6557300000 | 1785578219999 |   104396.9651510000 |              546 |                0.2877300000 |             18141.9921515000
 1785578220000 | 63048.0000000000 | 63079.1900000000 | 63046.3300000000 | 63070.5000000000 |    7.7880500000 | 1785578279999 |   491177.1470796000 |             1372 |                4.2935400000 |            270774.2468892000
 1785578280000 | 63070.4900000000 | 63070.5000000000 | 63057.4700000000 | 63057.4700000000 |    1.4311600000 | 1785578339999 |    90261.1775679000 |              668 |                0.1660100000 |             10469.8899519000
 1785578340000 | 63057.4700000000 | 63057.4800000000 | 63053.1600000000 | 63053.1700000000 |    0.6231200000 | 1785578399999 |    39291.1397703000 |              299 |                0.2652200000 |             16723.4769921000
 1785578400000 | 63053.1700000000 | 63111.0900000000 | 63053.1600000000 | 63076.0300000000 |    9.7025700000 | 1785578459999 |   612138.4167940000 |             2916 |                3.4314300000 |            216443.3710717000
 1785578460000 | 63076.0300000000 | 63076.0300000000 | 63055.3400000000 | 63055.3400000000 |    2.5013500000 | 1785578519999 |   157752.1194506000 |              813 |                0.5815300000 |             36678.5604067000
 1785578520000 | 63055.3400000000 | 63055.3500000000 | 63036.1100000000 | 63040.0100000000 |    9.7333800000 | 1785578579999 |   613605.6427139000 |             1667 |                4.3468700000 |            274012.8989943000
 1785578580000 | 63040.0000000000 | 63040.0100000000 | 63007.6000000000 | 63007.6100000000 |    4.9605800000 | 1785578639999 |   312639.2219014000 |             1382 |                0.3426300000 |             21596.1514114000
 1785578640000 | 63007.6000000000 | 63007.6100000000 | 62992.0000000000 | 62992.0100000000 |    6.5676200000 | 1785578699999 |   413743.7825793000 |              867 |                0.5124200000 |             32278.7210042000
 1785578700000 | 62992.0100000000 | 62992.0100000000 | 62991.0000000000 | 62991.0000000000 |    1.9868600000 | 1785578759999 |   125154.7694751000 |              229 |                0.3401500000 |             21426.4765515000
 1785578760000 | 62991.0100000000 | 63004.0000000000 | 62991.0000000000 | 63001.1200000000 |    3.3206500000 | 1785578819999 |   209198.3136437000 |              834 |                0.7488200000 |             47172.1823181000
 1785578820000 | 63001.1200000000 | 63001.1200000000 | 63001.1100000000 | 63001.1100000000 |    1.2367400000 | 1785578879999 |    77915.9957607000 |              152 |                0.2979300000 |             18769.9236816000
 1785578880000 | 63001.1200000000 | 63001.1200000000 | 62991.3700000000 | 62998.5200000000 |    8.5344300000 | 1785578939999 |   537635.3690306000 |              609 |                1.3164400000 |             82930.1678179000
 1785578940000 | 62998.5300000000 | 63000.7900000000 | 62998.5200000000 | 63000.7800000000 |    2.0697700000 | 1785578999999 |   130395.5629784000 |              327 |                1.3559400000 |             85424.2241622000
 1785579000000 | 63000.7800000000 | 63000.7900000000 | 62986.3100000000 | 62986.3200000000 |   15.7570100000 | 1785579059999 |   992533.8106257000 |              770 |                0.4526000000 |             28512.0435222000
 1785579060000 | 62986.3200000000 | 63008.0000000000 | 62986.3100000000 | 63008.0000000000 |    3.1339600000 | 1785579119999 |   197417.5992112000 |              917 |                1.8388100000 |            115830.9824483000
 1785579120000 | 63007.9900000000 | 63014.0000000000 | 63007.9900000000 | 63013.9900000000 |    3.9301400000 | 1785579179999 |   247650.6447755000 |              298 |                1.3618900000 |             85815.4269012000
 1785579180000 | 63013.9900000000 | 63014.2000000000 | 63013.9900000000 | 63014.1900000000 |    3.4560900000 | 1785579239999 |   217782.4630496000 |              282 |                1.5546200000 |             97962.8751705000
 1785579240000 | 63014.2000000000 | 63014.2000000000 | 63006.4400000000 | 63006.4400000000 |    4.1096500000 | 1785579299999 |   258946.1837346000 |              558 |                0.2371300000 |             14940.9378615000
 1785579300000 | 63006.4500000000 | 63009.9900000000 | 62990.2500000000 | 63009.9900000000 |    6.5950600000 | 1785579359999 |   415473.0285309000 |             1197 |                4.6362500000 |            292061.1598876000
 1785579360000 | 63009.9800000000 | 63016.0000000000 | 63009.9800000000 | 63015.9900000000 |    1.0532300000 | 1785579419999 |    66367.7299695000 |              465 |                0.5017200000 |             31614.7729147000
 1785579420000 | 63016.0000000000 | 63036.0000000000 | 63015.9900000000 | 63035.9900000000 |    3.5695200000 | 1785579479999 |   224966.1937067000 |              474 |                2.8061500000 |            176859.6660944000
 1785579480000 | 63035.9900000000 | 63066.2200000000 | 63035.9900000000 | 63066.2200000000 |    3.6932100000 | 1785579539999 |   232872.1788585000 |             1002 |                3.1583800000 |            199144.9988498000
 1785579540000 | 63066.2100000000 | 63066.2200000000 | 63066.2100000000 | 63066.2100000000 |    1.2388100000 | 1785579599999 |    78127.0546990000 |              126 |                0.3088900000 |             19480.5246958000
 1785579600000 | 63066.2100000000 | 63066.2200000000 | 63066.2100000000 | 63066.2200000000 |    0.6309300000 | 1785579659999 |    39790.3656300000 |              116 |                0.1754700000 |             11066.2296234000
 1785579660000 | 63066.2200000000 | 63066.2200000000 | 63066.2100000000 | 63066.2200000000 |    0.8161700000 | 1785579719999 |    51472.7523739000 |              152 |                0.3758200000 |             23701.5468004000
 1785579720000 | 63066.2100000000 | 63066.2200000000 | 63066.2100000000 | 63066.2100000000 |    1.4204300000 | 1785579779999 |    89581.1382651000 |              126 |                0.1594800000 |             10057.8007656000
 1785579780000 | 63066.2200000000 | 63066.2200000000 | 63066.2100000000 | 63066.2200000000 |    1.4097500000 | 1785579839999 |    88907.5973356000 |              137 |                0.7788100000 |             49116.6027982000
 1785579840000 | 63066.2200000000 | 63066.2200000000 | 63044.7700000000 | 63044.7700000000 |    4.3809400000 | 1785579899999 |   276221.0269356000 |              973 |                0.2028500000 |             12789.6443510000
 1785579900000 | 63044.7800000000 | 63044.7800000000 | 63042.0000000000 | 63042.0100000000 |    0.5357600000 | 1785579959999 |    33775.6645143000 |              258 |                0.1868400000 |             11778.8061233000
 1785579960000 | 63042.0100000000 | 63042.0100000000 | 63042.0000000000 | 63042.0100000000 |    0.5869200000 | 1785580019999 |    37000.6121116000 |              127 |                0.1471600000 |              9277.2621916000
 1785580020000 | 63042.0000000000 | 63042.0100000000 | 63034.9400000000 | 63038.1000000000 |    1.6496200000 | 1785580079999 |   103990.5971562000 |              459 |                0.5324000000 |             33562.6222338000
 1785580080000 | 63038.1000000000 | 63038.1000000000 | 63038.0900000000 | 63038.0900000000 |    0.7556400000 | 1785580139999 |    47634.1059898000 |              112 |                0.3662200000 |             23085.8129820000
 1785580140000 | 63038.1000000000 | 63046.8000000000 | 63038.0900000000 | 63046.8000000000 |    5.5773600000 | 1785580199999 |   351608.2517608000 |              342 |                5.2253600000 |            329418.4401518000
 1785580200000 | 63046.8000000000 | 63051.5200000000 | 63046.7900000000 | 63051.5200000000 |    2.1548500000 | 1785580259999 |   135860.2050036000 |              299 |                1.5543700000 |             97999.8618460000
 1785580260000 | 63051.5100000000 | 63053.9900000000 | 63051.5100000000 | 63053.9900000000 |    2.3452100000 | 1785580319999 |   147873.4750838000 |              202 |                0.3525500000 |             22229.5731295000
 1785580320000 | 63053.9900000000 | 63053.9900000000 | 63053.9800000000 | 63053.9900000000 |    4.9657700000 | 1785580379999 |   313111.5911038000 |              251 |                2.8839200000 |            181842.6628408000
 1785580380000 | 63053.9800000000 | 63053.9900000000 | 63048.7100000000 | 63048.7100000000 |    3.1597200000 | 1785580439999 |   199220.8075836000 |              284 |                2.5366400000 |            159933.7901271000
 1785580440000 | 63048.7100000000 | 63048.7200000000 | 63044.0000000000 | 63044.0100000000 |    9.1176700000 | 1785580499999 |   574828.7399119000 |              654 |                2.4866200000 |            156767.7931447000
 1785580500000 | 63044.0100000000 | 63044.0100000000 | 63042.0000000000 | 63042.0000000000 |    3.4292200000 | 1785580559999 |   216185.0670456000 |              258 |                3.0681100000 |            193419.8761401000
 1785580560000 | 63042.0100000000 | 63042.0100000000 | 63040.9500000000 | 63040.9600000000 |    1.7924000000 | 1785580619999 |   112996.3061691000 |              240 |                0.3332200000 |             21006.7379797000
 1785580620000 | 63040.9600000000 | 63040.9600000000 | 63022.5800000000 | 63022.5900000000 |    2.0738300000 | 1785580679999 |   130720.9322921000 |              769 |                1.1385000000 |             71764.5643518000
 1785580680000 | 63022.5800000000 | 63022.5900000000 | 63022.5800000000 | 63022.5800000000 |    0.7904100000 | 1785580739999 |    49813.6796838000 |              135 |                0.2226000000 |             14028.8285340000
 1785580740000 | 63022.5900000000 | 63037.7900000000 | 63022.5800000000 | 63037.7900000000 |   40.6252000000 | 1785580799999 |  2560804.8991518000 |             1260 |               39.7247900000 |           2504055.0807016000
 1785580800000 | 63037.7800000000 | 63037.7900000000 | 63037.7800000000 | 63037.7800000000 |    1.7800100000 | 1785580859999 |   112207.8951590000 |              136 |                1.6381200000 |            103263.4645548000
 1785580860000 | 63037.7900000000 | 63037.7900000000 | 63037.7800000000 | 63037.7900000000 |    2.0030800000 | 1785580919999 |   126269.7227087000 |              158 |                0.6346300000 |             40005.6726677000
 1785580920000 | 63037.7800000000 | 63056.0000000000 | 63037.7800000000 | 63056.0000000000 |    3.6530700000 | 1785580979999 |   230319.0694356000 |              854 |                3.4800500000 |            219410.6856581000
 1785580980000 | 63056.0000000000 | 63076.0000000000 | 63055.9900000000 | 63076.0000000000 |    1.4962000000 | 1785581039999 |    94355.5712817000 |              859 |                1.2044500000 |             75954.6078147000
 1785581040000 | 63075.9900000000 | 63076.0000000000 | 63058.4000000000 | 63058.5600000000 |   77.5680800000 | 1785581099999 |  4891804.8760869000 |             2267 |                9.3197900000 |            587699.5449110000
 1785581100000 | 63058.5600000000 | 63063.6800000000 | 63058.5600000000 | 63063.6800000000 |    2.3217200000 | 1785581159999 |   146410.3266438000 |              284 |                2.0666600000 |            130325.3069736000
 1785581160000 | 63063.6800000000 | 63063.6800000000 | 63055.6100000000 | 63055.6200000000 |    3.2696000000 | 1785581219999 |   206190.2438491000 |              499 |                0.3643100000 |             22973.8648830000
 1785581220000 | 63055.6200000000 | 63055.6200000000 | 63038.2400000000 | 63038.2400000000 |    5.5838100000 | 1785581279999 |   352042.1799896000 |              789 |                2.4039200000 |            151548.3739935000
 1785581280000 | 63038.2500000000 | 63038.2500000000 | 63038.2400000000 | 63038.2400000000 |    4.8100200000 | 1785581339999 |   303215.1995410000 |              141 |                0.4376200000 |             27586.7989650000
 1785581340000 | 63038.2500000000 | 63054.0000000000 | 63038.2400000000 | 63053.9900000000 |    2.1867800000 | 1785581399999 |   137868.3427426000 |              709 |                1.9186700000 |            120963.9404823000
 1785581400000 | 63053.9900000000 | 63054.0000000000 | 63053.6900000000 | 63053.6900000000 |    1.8908900000 | 1785581459999 |   119227.7036252000 |              221 |                1.4258000000 |             89901.9844620000
 1785581460000 | 63053.6900000000 | 63053.7000000000 | 63050.5900000000 | 63050.6000000000 |    1.1038500000 | 1785581519999 |    69599.4264070000 |              228 |                0.4884400000 |             30796.8935850000
 1785581520000 | 63050.5900000000 | 63050.6000000000 | 63050.5900000000 | 63050.6000000000 |    3.9454700000 | 1785581579999 |   248764.2475948000 |              122 |                3.6267500000 |            228668.7635500000
 1785581580000 | 63050.6000000000 | 63050.6000000000 | 63050.5900000000 | 63050.6000000000 |    1.0088900000 | 1785581639999 |    63611.1142891000 |              138 |                0.4544000000 |             28650.1926400000
 1785581640000 | 63050.6000000000 | 63051.0000000000 | 63050.5900000000 | 63051.0000000000 |    1.8111900000 | 1785581699999 |   114196.6246703000 |              266 |                1.1725300000 |             73928.7265649000
 1785581700000 | 63050.9900000000 | 63051.0000000000 | 63050.9900000000 | 63051.0000000000 |    1.5651000000 | 1785581759999 |    98681.1070165000 |              116 |                0.2567500000 |             16188.3442500000
 1785581760000 | 63051.0000000000 | 63051.0000000000 | 63050.9900000000 | 63051.0000000000 |    1.0902300000 | 1785581819999 |    68740.0837225000 |              149 |                0.2894800000 |             18252.0034800000
 1785581820000 | 63051.0000000000 | 63051.0000000000 | 63050.5900000000 | 63050.6000000000 |    1.4205900000 | 1785581879999 |    89569.5667822000 |              221 |                0.1912500000 |             12058.5005140000
 1785581880000 | 63050.6000000000 | 63050.6000000000 | 63050.5900000000 | 63050.5900000000 |    1.2258200000 | 1785581939999 |    77288.6767231000 |              179 |                0.2489300000 |             15695.1858580000
 1785581940000 | 63050.5900000000 | 63056.0000000000 | 63050.5900000000 | 63056.0000000000 |   15.9406600000 | 1785581999999 |  1005072.2318287000 |              441 |               14.5521800000 |            917527.7336375000
 1785582000000 | 63055.9900000000 | 63056.0000000000 | 63050.5900000000 | 63050.6000000000 |    6.1140200000 | 1785582059999 |   385522.0678357000 |              371 |                0.3177300000 |             20033.6290742000
 1785582060000 | 63050.6000000000 | 63050.6000000000 | 63050.5900000000 | 63050.6000000000 |    0.8928000000 | 1785582119999 |    56291.5701936000 |              161 |                0.3441600000 |             21699.4944960000
 1785582120000 | 63050.6000000000 | 63050.6000000000 | 63050.5900000000 | 63050.5900000000 |    0.3861400000 | 1785582179999 |    24346.3561782000 |              100 |                0.1355600000 |              8547.1393360000
 1785582180000 | 63050.5900000000 | 63050.6000000000 | 63046.0000000000 | 63046.0100000000 |    1.0572500000 | 1785582239999 |    66657.4056448000 |              332 |                0.6661800000 |             42001.0789105000
 1785582240000 | 63046.0000000000 | 63046.0100000000 | 63046.0000000000 | 63046.0100000000 |    1.1160400000 | 1785582299999 |    70361.8599092000 |              154 |                0.2069200000 |             13045.4803892000
 1785582300000 | 63046.0000000000 | 63046.0100000000 | 63038.1100000000 | 63038.1200000000 |    2.4182400000 | 1785582359999 |   152445.0702585000 |              344 |                1.3002200000 |             81963.9156086000
 1785582360000 | 63038.1200000000 | 63038.1200000000 | 63038.1100000000 | 63038.1200000000 |    1.3329900000 | 1785582419999 |    84029.1735961000 |              120 |                0.3347200000 |             21100.1195264000
 1785582420000 | 63038.1200000000 | 63038.7700000000 | 63038.1100000000 | 63038.7700000000 |    0.7881400000 | 1785582479999 |    49682.9949380000 |              179 |                0.5535600000 |             34895.5038622000
 1785582480000 | 63038.7700000000 | 63043.5500000000 | 63038.7600000000 | 63043.5400000000 |    0.9676000000 | 1785582539999 |    60997.6006266000 |              313 |                0.6419200000 |             40466.3930662000
 1785582540000 | 63043.5400000000 | 63044.9800000000 | 63043.5400000000 | 63044.9800000000 |    3.8005600000 | 1785582599999 |   239601.1194763000 |              217 |                3.5998500000 |            226947.4433416000
 1785582600000 | 63044.9800000000 | 63047.3800000000 | 63044.9700000000 | 63047.3700000000 |    2.1029700000 | 1785582659999 |   132584.4686371000 |              252 |                2.0224600000 |            127508.6240504000
 1785582660000 | 63047.3700000000 | 63049.0000000000 | 63047.3700000000 | 63049.0000000000 |    1.4931100000 | 1785582719999 |    94136.9910975000 |              221 |                1.2894000000 |             81293.4836826000
 1785582720000 | 63049.0000000000 | 63049.0000000000 | 63046.4200000000 | 63046.4300000000 |    2.4148700000 | 1785582779999 |   152251.4863962000 |              248 |                0.9501400000 |             59903.1066505000
 1785582780000 | 63046.4200000000 | 63046.4300000000 | 63046.4200000000 | 63046.4300000000 |    0.3770000000 | 1785582839999 |    23768.5021343000 |               67 |                0.1794300000 |             11312.4209349000
 1785582840000 | 63046.4200000000 | 63061.5900000000 | 63046.4200000000 | 63061.5900000000 |    5.1974700000 | 1785582899999 |   327697.0932598000 |              693 |                4.9561500000 |            312482.1456829000
 1785582900000 | 63061.5800000000 | 63061.5900000000 | 63058.0000000000 | 63058.0000000000 |    1.7748200000 | 1785582959999 |   111918.8065326000 |              202 |                0.2215300000 |             13969.5136377000
 1785582960000 | 63058.0100000000 | 63058.0100000000 | 63051.2000000000 | 63051.2000000000 |    1.6984900000 | 1785583019999 |   107099.0458444000 |              372 |                0.1953100000 |             12315.1899804000
 1785583020000 | 63051.2000000000 | 63051.2000000000 | 63039.5800000000 | 63039.5800000000 |    4.3219100000 | 1785583079999 |   272462.8405095000 |              845 |                0.5488300000 |             34598.9543201000
 1785583080000 | 63039.5800000000 | 63039.5900000000 | 63039.1200000000 | 63039.1200000000 |    2.1855800000 | 1785583139999 |   137777.8537025000 |              213 |                0.5342900000 |             33681.4197581000
 1785583140000 | 63039.1200000000 | 63061.5200000000 | 63037.7200000000 | 63056.8900000000 |   43.1721500000 | 1785583199999 |  2721919.1200016000 |             1653 |               40.9538000000 |           2582061.3447402000
 1786207200000 | 65045.4700000000 | 65060.8600000000 | 65045.4700000000 | 65060.8500000000 |    6.3441400000 | 1786207259999 |   412707.6513302000 |             1425 |                6.0318900000 |            392392.4917028000
 1786207260000 | 65060.8500000000 | 65060.8600000000 | 65060.8500000000 | 65060.8500000000 |    0.4764200000 | 1786207319999 |    30996.2922649000 |               89 |                0.2107900000 |             13714.1786794000
 1786207320000 | 65060.8600000000 | 65060.8600000000 | 65060.8500000000 | 65060.8600000000 |    1.9597500000 | 1786207379999 |   127503.0024333000 |              147 |                0.1645800000 |             10707.7163388000
 1786207380000 | 65060.8600000000 | 65060.8600000000 | 65060.8500000000 | 65060.8600000000 |    0.6260100000 | 1786207439999 |    40728.7442991000 |               88 |                0.1590600000 |             10348.5803916000
 1786207440000 | 65060.8600000000 | 65060.8600000000 | 65060.8500000000 | 65060.8500000000 |    0.2643100000 | 1786207499999 |    17196.2349912000 |               73 |                0.1727700000 |             11240.5647822000
 1786207500000 | 65060.8500000000 | 65060.8600000000 | 65060.8500000000 | 65060.8600000000 |    5.2438400000 | 1786207559999 |   341168.7275110000 |              166 |                3.9847000000 |            259248.0088420000
 1786207560000 | 65060.8500000000 | 65060.8600000000 | 65060.8500000000 | 65060.8600000000 |    1.5881400000 | 1786207619999 |   103325.7452855000 |              119 |                0.6966500000 |             45324.6481190000
 1786207620000 | 65060.8500000000 | 65060.8600000000 | 65060.8500000000 | 65060.8500000000 |    0.7933400000 | 1786207679999 |    51615.3761464000 |              145 |                0.1407400000 |              9156.6654364000
 1786207680000 | 65060.8600000000 | 65060.8600000000 | 65060.8500000000 | 65060.8500000000 |    0.6394800000 | 1786207739999 |    41605.1159995000 |              110 |                0.3641500000 |             23691.9121690000
 1786207740000 | 65060.8600000000 | 65060.8600000000 | 65060.8500000000 | 65060.8500000000 |    9.1050000000 | 1786207799999 |   592379.0465521000 |              299 |                0.7302100000 |             47508.0905806000
 1786207800000 | 65060.8500000000 | 65060.8600000000 | 65060.8500000000 | 65060.8500000000 |    0.7427200000 | 1786207859999 |    48321.9975676000 |              121 |                0.3055600000 |             19879.9963816000
 1786207860000 | 65060.8500000000 | 65060.8600000000 | 65060.8500000000 | 65060.8500000000 |    2.1338600000 | 1786207919999 |   138830.7645570000 |              795 |                1.9176000000 |            124760.7051360000
 1786207920000 | 65060.8600000000 | 65060.8600000000 | 65060.8500000000 | 65060.8600000000 |    0.3337400000 | 1786207979999 |    21713.4101101000 |              216 |                0.2031100000 |             13214.5112746000
 1786207980000 | 65060.8600000000 | 65060.8600000000 | 65060.8500000000 | 65060.8600000000 |    0.5362300000 | 1786208039999 |    34887.5831021000 |              521 |                0.3506600000 |             22814.2411676000
 1786208040000 | 65060.8600000000 | 65077.1400000000 | 65060.8500000000 | 65077.1400000000 |    4.6352300000 | 1786208099999 |   301612.6993956000 |             1789 |                4.5039600000 |            293071.7588153000
 1786208100000 | 65077.1400000000 | 65077.1400000000 | 65077.1300000000 | 65077.1400000000 |    0.2322000000 | 1786208159999 |    15110.9114512000 |               66 |                0.1865200000 |             12138.1881528000
 1786208160000 | 65077.1400000000 | 65078.0000000000 | 65077.1300000000 | 65078.0000000000 |    2.4232500000 | 1786208219999 |   157698.3158753000 |              481 |                2.2491200000 |            146366.3678068000
 1786208220000 | 65078.0000000000 | 65078.0000000000 | 65077.9900000000 | 65077.9900000000 |    0.8808400000 | 1786208279999 |    57323.2983046000 |              325 |                0.1593000000 |             10366.9254000000
 1786208280000 | 65077.9900000000 | 65087.7500000000 | 65077.9900000000 | 65087.7500000000 |    2.5319800000 | 1786208339999 |   164791.5421630000 |              653 |                1.5909900000 |            103546.5264654000
 1786208340000 | 65087.7400000000 | 65087.7500000000 | 65086.4500000000 | 65086.4500000000 |    1.6359700000 | 1786208399999 |   106481.5647786000 |              434 |                0.1938300000 |             12615.9585825000
 1786208400000 | 65086.4600000000 | 65086.4600000000 | 65086.4500000000 | 65086.4600000000 |    4.2970300000 | 1786208459999 |   279678.4331566000 |              224 |                0.4913100000 |             31977.6286626000
 1786208460000 | 65086.4600000000 | 65086.4600000000 | 65086.4500000000 | 65086.4500000000 |    0.6737100000 | 1786208519999 |    43849.3927874000 |              105 |                0.0557900000 |              3631.1736034000
 1786208520000 | 65086.4600000000 | 65086.4700000000 | 65086.4500000000 | 65086.4600000000 |    1.4321100000 | 1786208579999 |    93210.9664854000 |              516 |                0.8030300000 |             52266.3808400000
 1786208580000 | 65086.4700000000 | 65086.4700000000 | 65086.4600000000 | 65086.4600000000 |    2.3887500000 | 1786208639999 |   155475.2923752000 |              349 |                1.1050200000 |             71921.8510794000
 1786208640000 | 65086.4600000000 | 65086.4700000000 | 65080.0000000000 | 65080.0000000000 |   20.5070100000 | 1786208699999 |  1334687.5065725000 |             1367 |                0.1002300000 |              6523.5224480000
 1786208700000 | 65080.0100000000 | 65080.0100000000 | 65080.0000000000 | 65080.0000000000 |    3.7675700000 | 1786208759999 |   245193.4916008000 |              585 |                3.6000800000 |            234293.2424008000
 1786208760000 | 65080.0000000000 | 65080.0100000000 | 65075.4600000000 | 65075.4600000000 |    2.5862600000 | 1786208819999 |   168310.4775772000 |              471 |                0.1983500000 |             12907.7991061000
 1786208820000 | 65075.4600000000 | 65075.4700000000 | 65075.4600000000 | 65075.4600000000 |    0.8593200000 | 1786208879999 |    55920.6463411000 |              128 |                0.2053900000 |             13365.8507833000
 1786208880000 | 65075.4700000000 | 65089.1700000000 | 65075.4600000000 | 65089.1700000000 |    9.7813500000 | 1786208939999 |   636542.7818799000 |             1153 |                9.3918500000 |            611195.8763699000
 1786208940000 | 65089.1700000000 | 65100.0000000000 | 65089.1700000000 | 65100.0000000000 |    5.7649800000 | 1786208999999 |   375273.2074904000 |              629 |                4.7103700000 |            306618.7330860000
 1786209000000 | 65099.9900000000 | 65100.0000000000 | 65099.9900000000 | 65100.0000000000 |    0.6203400000 | 1786209059999 |    40384.1287634000 |               98 |                0.0966800000 |              6293.8680000000
 1786209060000 | 65100.0000000000 | 65108.0000000000 | 65099.9900000000 | 65108.0000000000 |    1.2259700000 | 1786209119999 |    79814.6641720000 |              678 |                0.8438800000 |             54938.1202939000
 1786209120000 | 65108.0000000000 | 65108.0000000000 | 65104.5300000000 | 65104.5300000000 |    1.1690200000 | 1786209179999 |    76110.1083769000 |              271 |                0.2100400000 |             13674.6183738000
 1786209180000 | 65104.5300000000 | 65124.0000000000 | 65100.0000000000 | 65117.8900000000 |    7.4585700000 | 1786209239999 |   485587.9496822000 |             1175 |                4.1801100000 |            272153.2136894000
 1786209240000 | 65117.8900000000 | 65132.5700000000 | 65117.8800000000 | 65118.1300000000 |    7.0325400000 | 1786209299999 |   457997.8314610000 |              773 |                2.9441700000 |            191734.9567016000
 1786209300000 | 65118.1300000000 | 65122.0000000000 | 65118.1300000000 | 65121.9900000000 |    5.1313400000 | 1786209359999 |   334155.0531530000 |              461 |                2.1971200000 |            143072.9066502000
 1786209360000 | 65122.0000000000 | 65122.0000000000 | 65121.9900000000 | 65122.0000000000 |    1.2132400000 | 1786209419999 |    79008.6068237000 |              151 |                0.3676100000 |             23939.4984200000
 1786209420000 | 65121.9900000000 | 65122.0000000000 | 65110.9600000000 | 65110.9700000000 |    2.8182700000 | 1786209479999 |   183519.0298508000 |              666 |                0.1692500000 |             11021.2240080000
 1786209480000 | 65110.9700000000 | 65116.0000000000 | 65110.9600000000 | 65116.0000000000 |    1.3898600000 | 1786209539999 |    90498.1975391000 |              693 |                1.1543100000 |             75161.0060738000
 1786209540000 | 65115.9900000000 | 65116.0000000000 | 65110.5300000000 | 65110.5400000000 |    1.9074800000 | 1786209599999 |   124202.9206376000 |              452 |                0.2459100000 |             16011.3334920000
 1786209600000 | 65110.5300000000 | 65110.5400000000 | 65110.5300000000 | 65110.5300000000 |    0.4908300000 | 1786209659999 |    31958.2027797000 |              135 |                0.1339800000 |              8723.5101492000
 1786209660000 | 65110.5300000000 | 65110.5400000000 | 65107.0300000000 | 65107.0400000000 |    1.8057000000 | 1786209719999 |   117569.5293944000 |              330 |                0.1611600000 |             10493.0992314000
 1786209720000 | 65107.0400000000 | 65107.0400000000 | 65104.6000000000 | 65104.6000000000 |    2.2256700000 | 1786209779999 |   144904.6092459000 |              314 |                0.1042200000 |              6785.2451250000
 1786209780000 | 65104.6100000000 | 65104.6100000000 | 65104.6000000000 | 65104.6000000000 |    3.6560600000 | 1786209839999 |   238026.3462195000 |              126 |                2.2343500000 |            145466.4853535000
 1786209840000 | 65104.6100000000 | 65112.9900000000 | 65104.6000000000 | 65108.0100000000 |   18.0110600000 | 1786209899999 |  1172719.8085609000 |             1394 |               12.8893000000 |            839227.8555844000
 1786209900000 | 65108.0100000000 | 65108.0100000000 | 65108.0000000000 | 65108.0000000000 |    0.9557100000 | 1786209959999 |    62224.3704372000 |              125 |                0.3757200000 |             24462.3815172000
 1786209960000 | 65108.0100000000 | 65108.0100000000 | 65108.0000000000 | 65108.0000000000 |    0.2500600000 | 1786210019999 |    16280.9077384000 |              117 |                0.1258400000 |              8193.1919784000
 1786210020000 | 65108.0000000000 | 65108.0100000000 | 65108.0000000000 | 65108.0100000000 |    0.2538500000 | 1786210079999 |    16527.6666341000 |               58 |                0.0834100000 |              5430.6591141000
 1786210080000 | 65108.0000000000 | 65108.0100000000 | 65108.0000000000 | 65108.0100000000 |    1.5302900000 | 1786210139999 |    99634.1322051000 |              109 |                1.0885100000 |             70870.7199651000
 1786210140000 | 65108.0100000000 | 65108.0100000000 | 65108.0000000000 | 65108.0100000000 |    5.2125900000 | 1786210199999 |   339381.3546766000 |              475 |                4.4956600000 |            292703.4762366000
 1786210200000 | 65108.0100000000 | 65108.0100000000 | 65108.0000000000 | 65108.0100000000 |    5.1856900000 | 1786210259999 |   337629.9535650000 |              158 |                4.9045000000 |            319322.2350450000
 1786210260000 | 65108.0100000000 | 65108.0100000000 | 65108.0000000000 | 65108.0000000000 |    0.2453900000 | 1786210319999 |    15976.8534992000 |               84 |                0.1379200000 |              8979.6967392000
 1786210320000 | 65108.0100000000 | 65116.0000000000 | 65108.0000000000 | 65115.9900000000 |   11.6237700000 | 1786210379999 |   756810.3362649000 |              961 |                6.7264500000 |            437948.7609994000
 1786210380000 | 65115.9900000000 | 65127.9900000000 | 65115.9900000000 | 65127.9800000000 |    4.7058300000 | 1786210439999 |   306462.3642188000 |              641 |                4.4624700000 |            290613.1902397000
 1786210440000 | 65127.9900000000 | 65130.4700000000 | 65127.9800000000 | 65130.4600000000 |    1.3044200000 | 1786210499999 |    84955.3108739000 |              914 |                1.1628600000 |             75735.5119599000
 1786210500000 | 65130.4600000000 | 65150.0000000000 | 65130.4600000000 | 65136.0000000000 |    5.5331900000 | 1786210559999 |   360451.3603322000 |             1797 |                2.0338100000 |            132483.6131269000
 1786210560000 | 65136.0000000000 | 65136.0100000000 | 65136.0000000000 | 65136.0000000000 |    0.3245900000 | 1786210619999 |    21142.4953913000 |               98 |                0.1151300000 |              7499.1088313000
 1786210620000 | 65136.0000000000 | 65137.1800000000 | 65136.0000000000 | 65136.0000000000 |    2.3908200000 | 1786210679999 |   155728.9380456000 |              683 |                1.8306900000 |            119243.9063340000
 1786210680000 | 65136.0000000000 | 65136.0100000000 | 65136.0000000000 | 65136.0000000000 |    0.3798100000 | 1786210739999 |    24739.3052859000 |               92 |                0.1125900000 |              7333.6633659000
 1786210740000 | 65136.0100000000 | 65136.0100000000 | 65136.0000000000 | 65136.0100000000 |    0.4808300000 | 1786210799999 |    31319.3462394000 |               82 |                0.3359400000 |             21881.7911994000
 1786210800000 | 65136.0000000000 | 65136.0000000000 | 65122.1800000000 | 65122.1900000000 |    2.8127100000 | 1786210859999 |   183195.2672124000 |              801 |                0.1674000000 |             10901.8009384000
 1786210860000 | 65122.1800000000 | 65122.1900000000 | 65122.1800000000 | 65122.1800000000 |    0.1980200000 | 1786210919999 |    12895.4950023000 |               80 |                0.0918700000 |              5982.7755953000
 1786210920000 | 65122.1900000000 | 65122.1900000000 | 65122.1800000000 | 65122.1800000000 |    0.4924400000 | 1786210979999 |    32068.7674877000 |              119 |                0.1168500000 |              7609.5279015000
 1786210980000 | 65122.1900000000 | 65122.1900000000 | 65122.1800000000 | 65122.1800000000 |    0.5991500000 | 1786211039999 |    39017.9577865000 |              174 |                0.3639500000 |             23701.2210505000
 1786211040000 | 65122.1900000000 | 65122.1900000000 | 65122.1800000000 | 65122.1800000000 |    0.7098600000 | 1786211099999 |    46227.6320030000 |              125 |                0.1308200000 |              8519.2848958000
 1786211100000 | 65122.1800000000 | 65122.1900000000 | 65122.1800000000 | 65122.1900000000 |    0.6039100000 | 1786211159999 |    39327.9362406000 |              123 |                0.0516800000 |              3365.5147792000
 1786211160000 | 65122.1900000000 | 65122.2000000000 | 65122.1800000000 | 65122.1900000000 |    1.5302500000 | 1786211219999 |    99653.2333595000 |              438 |                1.2077000000 |             78648.0728920000
 1786211220000 | 65122.1900000000 | 65122.2000000000 | 65122.1900000000 | 65122.1900000000 |    1.9292000000 | 1786211279999 |   125633.7297033000 |              150 |                0.0755300000 |              4918.6797660000
 1786211280000 | 65122.1900000000 | 65122.2000000000 | 65122.1900000000 | 65122.2000000000 |    0.3036500000 | 1786211339999 |    19774.3543429000 |              112 |                0.1349400000 |              8787.5896680000
 1786211340000 | 65122.1900000000 | 65122.2000000000 | 65122.1900000000 | 65122.2000000000 |    0.1228200000 | 1786211399999 |     7998.3079490000 |              103 |                0.0573200000 |              3732.8045040000
 1786211400000 | 65122.2000000000 | 65122.2000000000 | 65122.1900000000 | 65122.1900000000 |    0.5436700000 | 1786211459999 |    35404.9832343000 |               96 |                0.2197000000 |             14307.3473400000
 1786211460000 | 65122.1900000000 | 65122.2000000000 | 65122.1900000000 | 65122.1900000000 |    0.4921600000 | 1786211519999 |    32050.5383039000 |               94 |                0.1273500000 |              8293.3121700000
 1786211520000 | 65122.1900000000 | 65122.2000000000 | 65122.1900000000 | 65122.2000000000 |    3.2726300000 | 1786211579999 |   213120.8639915000 |              435 |                3.1331800000 |            204039.5745960000
 1786211580000 | 65122.2000000000 | 65122.2000000000 | 65109.0900000000 | 65112.2000000000 |   10.3867700000 | 1786211639999 |   676381.7769847000 |              640 |                0.0948200000 |              6174.8729040000
 1786211640000 | 65112.2000000000 | 65119.7500000000 | 65112.1900000000 | 65119.7400000000 |   12.3371000000 | 1786211699999 |   803355.1943639000 |              419 |               11.8602800000 |            772305.2102951000
 1786211700000 | 65119.7400000000 | 65119.7500000000 | 65119.7400000000 | 65119.7400000000 |    1.5315700000 | 1786211759999 |    99735.4533125000 |               82 |                1.3120700000 |             85441.6703825000
 1786211760000 | 65119.7400000000 | 65119.7500000000 | 65119.7400000000 | 65119.7400000000 |    0.1922000000 | 1786211819999 |    12516.0146388000 |              115 |                0.0610800000 |              3977.5143300000
 1786211820000 | 65119.7500000000 | 65119.7500000000 | 65119.7400000000 | 65119.7500000000 |    0.4666000000 | 1786211879999 |    30384.8726188000 |               87 |                0.1934800000 |             12599.3692300000
 1786211880000 | 65119.7500000000 | 65119.7500000000 | 65119.7400000000 | 65119.7500000000 |    0.1515500000 | 1786211939999 |     9868.8971995000 |               80 |                0.0602500000 |              3923.4649375000
 1786211940000 | 65119.7400000000 | 65119.7500000000 | 65119.7400000000 | 65119.7500000000 |    0.4588200000 | 1786211999999 |    29878.2398131000 |               79 |                0.0706300000 |              4599.4079425000
 1786212000000 | 65119.7500000000 | 65119.7500000000 | 65119.7400000000 | 65119.7500000000 |    0.3044500000 | 1786212059999 |    19825.7060103000 |              117 |                0.1167300000 |              7601.4284175000
 1786212060000 | 65119.7500000000 | 65119.7500000000 | 65119.7400000000 | 65119.7400000000 |    6.9255000000 | 1786212119999 |   450986.8041229000 |              290 |                4.4752900000 |            291429.7659775000
 1786212120000 | 65119.7500000000 | 65119.7500000000 | 65119.7400000000 | 65119.7500000000 |    0.1814000000 | 1786212179999 |    11812.7219847000 |              159 |                0.1148700000 |              7480.3056825000
 1786212180000 | 65119.7500000000 | 65119.7500000000 | 65119.7400000000 | 65119.7500000000 |    1.1404100000 | 1786212239999 |    74263.2036917000 |              133 |                0.0998300000 |              6500.9046425000
 1786212240000 | 65119.7400000000 | 65119.7500000000 | 65116.0400000000 | 65116.0500000000 |    8.8051200000 | 1786212299999 |   573365.0824487000 |              570 |                0.1067500000 |              6951.1602606000
 1786212300000 | 65116.0400000000 | 65116.0500000000 | 65116.0400000000 | 65116.0400000000 |    0.2687500000 | 1786212359999 |    17499.9375842000 |               79 |                0.1834200000 |             11943.5858910000
 1786212360000 | 65116.0500000000 | 65116.0500000000 | 65116.0400000000 | 65116.0400000000 |    0.3725100000 | 1786212419999 |    24256.3767206000 |              104 |                0.0660200000 |              4298.9616210000
 1786212420000 | 65116.0400000000 | 65116.0500000000 | 65116.0400000000 | 65116.0400000000 |    0.5562700000 | 1786212479999 |    36222.1018537000 |              135 |                0.2282900000 |             14865.3430545000
 1786212480000 | 65116.0500000000 | 65116.0500000000 | 65116.0400000000 | 65116.0400000000 |    0.3290200000 | 1786212539999 |    21424.4802296000 |               98 |                0.0748800000 |              4875.8898240000
 1786212540000 | 65116.0400000000 | 65116.0500000000 | 65103.9000000000 | 65103.9000000000 |    6.6111200000 | 1786212599999 |   430473.1715591000 |              786 |                0.0797500000 |              5192.3169161000
 1786212600000 | 65103.9000000000 | 65103.9100000000 | 65103.9000000000 | 65103.9000000000 |    0.3018500000 | 1786212659999 |    19651.6131128000 |              130 |                0.0897800000 |              5845.0290398000
 1786212660000 | 65103.9100000000 | 65103.9100000000 | 65101.6000000000 | 65101.6000000000 |    0.8822100000 | 1786212719999 |    57434.2302924000 |              291 |                0.3281900000 |             21365.7962537000
 1786212720000 | 65101.6100000000 | 65101.6100000000 | 65101.6000000000 | 65101.6100000000 |    2.7261600000 | 1786212779999 |   177477.4039736000 |              114 |                2.6117600000 |            170029.7809336000
 1786212780000 | 65101.6100000000 | 65101.6100000000 | 65101.6000000000 | 65101.6000000000 |    3.0984900000 | 1786212839999 |   201716.6842866000 |              129 |                2.7702600000 |            180348.3861186000
 1786212840000 | 65101.6100000000 | 65101.6100000000 | 65101.6000000000 | 65101.6000000000 |   27.2685300000 | 1786212899999 |  1775225.1598755000 |              893 |               22.7227500000 |           1479287.6086275000
 1786212900000 | 65101.6100000000 | 65101.6100000000 | 65095.0700000000 | 65095.0700000000 |    7.4024200000 | 1786212959999 |   481880.8137569000 |              890 |                0.0827600000 |              5387.5326185000
 1786212960000 | 65095.0700000000 | 65095.0800000000 | 65095.0700000000 | 65095.0800000000 |    0.6936900000 | 1786213019999 |    45155.8009683000 |               92 |                0.1860000000 |             12107.6848800000
 1786213020000 | 65095.0800000000 | 65095.0800000000 | 65092.7000000000 | 65092.7000000000 |    2.1825800000 | 1786213079999 |   142074.7167290000 |              245 |                0.2341900000 |             15244.3827477000
 1786213080000 | 65092.7100000000 | 65092.7100000000 | 65090.6800000000 | 65090.6800000000 |    5.8271700000 | 1786213139999 |   379296.1023122000 |              302 |                0.2668200000 |             17367.5655843000
 1786213140000 | 65090.6800000000 | 65090.6900000000 | 65072.6600000000 | 65072.6600000000 |    3.8813000000 | 1786213199999 |   252596.8888492000 |              932 |                0.1112800000 |              7243.2097924000
 1786117200000 | 65000.0000000000 | 65029.6600000000 | 65000.0000000000 | 65006.0000000000 |    7.4477200000 | 1786117259999 |   484219.4045466000 |             1950 |                3.6509900000 |            237351.2916355000
 1786117260000 | 65006.0000000000 | 65034.0000000000 | 64996.0000000000 | 65015.9900000000 |    9.8838600000 | 1786117319999 |   642624.3534213000 |             3224 |                3.6498000000 |            237298.1919351000
 1786117320000 | 65016.0000000000 | 65040.1000000000 | 65012.0000000000 | 65022.7700000000 |    8.4761200000 | 1786117379999 |   551190.9349341000 |             3436 |                1.8206400000 |            118392.4822966000
 1786117380000 | 65022.7800000000 | 65043.9900000000 | 65022.7700000000 | 65031.6500000000 |    5.0770300000 | 1786117439999 |   330199.4604777000 |             1828 |                2.0637800000 |            134211.8645847000
 1786117440000 | 65031.6600000000 | 65045.3600000000 | 65020.8200000000 | 65020.8200000000 |    6.4664000000 | 1786117499999 |   420553.2109758000 |             2037 |                1.0602100000 |             68953.5460649000
 1786117500000 | 65020.8200000000 | 65022.4900000000 | 65014.9400000000 | 65022.4900000000 |    4.6111400000 | 1786117559999 |   299801.7174697000 |              999 |                1.1323400000 |             73622.9055019000
 1786117560000 | 65022.4800000000 | 65022.4900000000 | 64990.0000000000 | 65003.2400000000 |    9.5249900000 | 1786117619999 |   619179.2175239000 |             2668 |                1.7148400000 |            111464.0766104000
 1786117620000 | 65003.2300000000 | 65007.0400000000 | 64986.0800000000 | 65004.0100000000 |   21.7289700000 | 1786117679999 |  1412363.5040943000 |             2173 |                1.7025200000 |            110658.8380716000
 1786117680000 | 65004.0100000000 | 65008.3300000000 | 64990.1200000000 | 65008.3300000000 |    5.4988600000 | 1786117739999 |   357434.3289327000 |             1287 |                1.8169500000 |            118098.1697125000
 1786117740000 | 65008.3200000000 | 65008.3300000000 | 64992.0000000000 | 65005.2300000000 |    9.5367200000 | 1786117799999 |   619925.1142569000 |             1633 |                2.4198600000 |            157290.6735709000
 1786117800000 | 65005.2300000000 | 65026.0000000000 | 65005.2200000000 | 65025.9900000000 |    3.7995300000 | 1786117859999 |   247021.1749807000 |             1250 |                3.2116600000 |            208799.9112032000
 1786117860000 | 65025.9900000000 | 65026.0000000000 | 65014.2700000000 | 65014.2700000000 |    7.1044800000 | 1786117919999 |   461958.3412131000 |              476 |                0.2139500000 |             13911.0162249000
 1786117920000 | 65014.2800000000 | 65014.2800000000 | 64981.1200000000 | 64981.1200000000 |    8.8541600000 | 1786117979999 |   575546.0711750000 |             1845 |                0.7121200000 |             46287.8524970000
 1786117980000 | 64981.1300000000 | 64981.1300000000 | 64946.0000000000 | 64946.0100000000 |   11.1531400000 | 1786118039999 |   724607.7555393000 |             2069 |                0.8628200000 |             56056.3476954000
 1786118040000 | 64946.0100000000 | 64959.6400000000 | 64935.9600000000 | 64954.7500000000 |    5.8484100000 | 1786118099999 |   379817.8911354000 |             2637 |                3.4861800000 |            226404.8233054000
 1786118100000 | 64954.7500000000 | 64960.0000000000 | 64946.0300000000 | 64951.9900000000 |   11.8717600000 | 1786118159999 |   771129.1043388000 |             1840 |                2.4254000000 |            157532.2242407000
 1786118160000 | 64952.0000000000 | 64960.0000000000 | 64951.9900000000 | 64959.9900000000 |    1.6244000000 | 1786118219999 |   105511.6044561000 |              524 |                0.9851400000 |             63989.1428082000
 1786118220000 | 64959.9900000000 | 64968.0400000000 | 64956.9700000000 | 64956.9700000000 |    7.1286100000 | 1786118279999 |   463092.5599672000 |             1243 |                1.5908100000 |            103344.3604787000
 1786118280000 | 64956.9700000000 | 64956.9800000000 | 64936.8000000000 | 64936.8100000000 |   12.6181100000 | 1786118339999 |   819542.0900665000 |             1174 |                0.4215100000 |             27376.0749118000
 1786118340000 | 64936.8000000000 | 64936.8000000000 | 64910.1200000000 | 64912.7200000000 |   10.7958300000 | 1786118399999 |   700883.0160764000 |             1572 |                3.6841900000 |            239171.5587782000
 1786118400000 | 64912.7100000000 | 64944.7200000000 | 64912.7100000000 | 64931.8600000000 |   12.2840400000 | 1786118459999 |   797575.6673517000 |             3171 |                7.1762100000 |            465935.5797816000
 1786118460000 | 64931.8700000000 | 64954.7000000000 | 64923.0600000000 | 64952.0000000000 |   24.4033100000 | 1786118519999 |  1584873.5379023000 |             2286 |               19.0965900000 |           1240276.7684712000
 1786118520000 | 64952.0000000000 | 64966.8300000000 | 64950.7800000000 | 64950.7900000000 |    6.6977000000 | 1786118579999 |   435111.6886974000 |             1818 |                0.7122800000 |             46271.0287003000
 1786118580000 | 64950.7800000000 | 64966.0000000000 | 64938.0000000000 | 64965.6500000000 |    8.6215200000 | 1786118639999 |   559963.0269855000 |             2217 |                4.7818700000 |            310569.2770376000
 1786118640000 | 64965.6400000000 | 64977.6200000000 | 64957.5300000000 | 64974.9300000000 |    8.0525600000 | 1786118699999 |   523157.8962025000 |             2586 |                2.1677700000 |            140836.4861444000
 1786118700000 | 64974.9400000000 | 64991.9900000000 | 64974.9300000000 | 64974.9300000000 |    7.4357600000 | 1786118759999 |   483194.7777834000 |             2126 |                1.3948100000 |             90636.7896548000
 1786118760000 | 64974.9300000000 | 64997.8700000000 | 64974.9300000000 | 64997.8600000000 |    2.4509200000 | 1786118819999 |   159291.8696502000 |             1147 |                1.8322100000 |            119080.8319766000
 1786118820000 | 64997.8700000000 | 65009.8100000000 | 64997.8600000000 | 65009.8000000000 |    7.1607700000 | 1786118879999 |   465445.4868760000 |              660 |                4.0520500000 |            263382.0471454000
 1786118880000 | 65009.8100000000 | 65021.1700000000 | 65000.0000000000 | 65000.0000000000 |    8.4584400000 | 1786118939999 |   549906.2653114000 |             1098 |                0.9943600000 |             64645.5214740000
 1786118940000 | 65000.0100000000 | 65023.9900000000 | 65000.0000000000 | 65023.9900000000 |    2.1317900000 | 1786118999999 |   138589.5257378000 |             1375 |                1.4593700000 |             94877.9653618000
 1786119000000 | 65024.0000000000 | 65024.8600000000 | 65016.0000000000 | 65016.0000000000 |    2.3950700000 | 1786119059999 |   155731.6751715000 |              765 |                0.3263900000 |             21221.3436380000
 1786119060000 | 65016.0100000000 | 65024.0000000000 | 65002.7900000000 | 65002.7900000000 |    4.7200100000 | 1786119119999 |   306868.5597825000 |             2085 |                0.8853700000 |             57563.1919697000
 1786119120000 | 65002.7900000000 | 65005.6000000000 | 65000.0000000000 | 65002.6200000000 |    1.3095600000 | 1786119179999 |    85124.3319298000 |              825 |                0.8168900000 |             53099.0442692000
 1786119180000 | 65002.6100000000 | 65072.3100000000 | 65002.6100000000 | 65059.2100000000 |    8.3243300000 | 1786119239999 |   541486.8688905000 |             3689 |                4.5516400000 |            296022.9033312000
 1786119240000 | 65059.2100000000 | 65071.2700000000 | 65045.0500000000 | 65045.0500000000 |    6.6815300000 | 1786119299999 |   434696.7024349000 |             1943 |                0.9261800000 |             60258.2094305000
 1786119300000 | 65045.0400000000 | 65051.8200000000 | 65016.0000000000 | 65016.0100000000 |    5.0488300000 | 1786119359999 |   328371.9861856000 |             2891 |                0.8043800000 |             52318.9904115000
 1786119360000 | 65016.0000000000 | 65046.0000000000 | 65016.0000000000 | 65026.5800000000 |    7.9704800000 | 1786119419999 |   518338.1251226000 |             3102 |                3.8303400000 |            249078.1467313000
 1786119420000 | 65026.5800000000 | 65029.0800000000 | 64982.3600000000 | 64997.5100000000 |   14.0148700000 | 1786119479999 |   910910.4229351000 |             3111 |                3.8322400000 |            249093.7912634000
 1786119480000 | 64997.5200000000 | 65016.0000000000 | 64995.1000000000 | 65001.1700000000 |    2.5790500000 | 1786119539999 |   167648.7535278000 |             1999 |                1.7692100000 |            115002.7250890000
 1786119540000 | 65001.1700000000 | 65001.1700000000 | 64978.0000000000 | 64987.6700000000 |    5.8934200000 | 1786119599999 |   383014.7734148000 |             2152 |                1.4130100000 |             91821.6960387000
 1786119600000 | 64987.6700000000 | 65040.3600000000 | 64987.6700000000 | 65025.9900000000 |   29.9859500000 | 1786119659999 |  1949521.9788277000 |             4245 |               12.8866900000 |            837827.6273332000
 1786119660000 | 65026.0000000000 | 65027.0600000000 | 64991.3800000000 | 64991.3800000000 |    3.6763000000 | 1786119719999 |   239010.3165342000 |             1750 |                0.2799700000 |             18203.6568749000
 1786119720000 | 64991.3800000000 | 65000.0900000000 | 64974.7700000000 | 64981.6200000000 |    6.3526900000 | 1786119779999 |   412848.3132230000 |             4643 |                2.5068300000 |            162907.0015225000
 1786119780000 | 64981.6300000000 | 65003.9800000000 | 64934.9300000000 | 64934.9300000000 |   16.5199500000 | 1786119839999 |  1073108.2241072000 |             4807 |                1.8417600000 |            119699.4351088000
 1786119840000 | 64934.9300000000 | 64934.9300000000 | 64907.5400000000 | 64925.8200000000 |    5.9600100000 | 1786119899999 |   386893.2303785000 |             2532 |                1.7090700000 |            110942.8300069000
 1786119900000 | 64925.8300000000 | 64940.7000000000 | 64914.4500000000 | 64930.0500000000 |   10.5218600000 | 1786119959999 |   683164.9399123000 |             2151 |                5.5705600000 |            361682.4448069000
 1786119960000 | 64930.0600000000 | 64939.0500000000 | 64910.0000000000 | 64913.9600000000 |    5.9266200000 | 1786120019999 |   384794.2223844000 |             2747 |                1.6803700000 |            109095.3718645000
 1786120020000 | 64913.9700000000 | 64923.6200000000 | 64894.8300000000 | 64923.6200000000 |    6.6978000000 | 1786120079999 |   434729.0060330000 |             2486 |                2.2496700000 |            146017.8755176000
 1786120080000 | 64923.6300000000 | 64930.0000000000 | 64906.7700000000 | 64929.9900000000 |   15.5839600000 | 1786120139999 |  1011645.6398559000 |             2653 |                4.9874800000 |            323788.4157558000
 1786120140000 | 64930.0000000000 | 64936.3400000000 | 64924.6500000000 | 64932.3600000000 |    1.5523400000 | 1786120199999 |   100795.1194357000 |             1378 |                1.0622800000 |             68974.8153379000
 1786120200000 | 64932.3700000000 | 64942.0000000000 | 64904.0100000000 | 64924.6500000000 |   11.2342700000 | 1786120259999 |   729404.4263469000 |             3506 |                1.9693500000 |            127848.6695014000
 1786120260000 | 64924.6500000000 | 64926.0000000000 | 64872.6200000000 | 64880.0100000000 |   46.9825900000 | 1786120319999 |  3049568.1112332000 |             3244 |                3.1898400000 |            207011.9660804000
 1786120320000 | 64880.0100000000 | 64942.0000000000 | 64873.5400000000 | 64942.0000000000 |   25.3663600000 | 1786120379999 |  1646478.9982993000 |             3924 |               23.9497900000 |           1554529.2326465000
 1786120380000 | 64942.0000000000 | 64956.9000000000 | 64941.9900000000 | 64953.9700000000 |    4.8790100000 | 1786120439999 |   316906.3547862000 |             1941 |                1.9313400000 |            125443.2352211000
 1786120440000 | 64953.9700000000 | 64967.6000000000 | 64953.9700000000 | 64962.0000000000 |    5.2979300000 | 1786120499999 |   344154.7038646000 |             2189 |                1.5822300000 |            102777.0620102000
 1786120500000 | 64962.0000000000 | 64967.6000000000 | 64961.3100000000 | 64965.8900000000 |    2.5769000000 | 1786120559999 |   167410.6119847000 |             1176 |                1.0492600000 |             68165.1962735000
 1786120560000 | 64965.9000000000 | 64971.7100000000 | 64952.0000000000 | 64953.9100000000 |    4.7464700000 | 1786120619999 |   308373.4646254000 |             1504 |                1.6130600000 |            104798.9113090000
 1786120620000 | 64953.9200000000 | 64955.9000000000 | 64947.2500000000 | 64947.2500000000 |    3.2699000000 | 1786120679999 |   212393.0073172000 |              684 |                0.5218200000 |             33894.5305019000
 1786120680000 | 64947.2400000000 | 64947.2500000000 | 64928.0000000000 | 64928.2000000000 |    3.9605500000 | 1786120739999 |   257181.8370297000 |             1529 |                0.9344700000 |             60684.1921366000
 1786120740000 | 64928.2000000000 | 64956.0000000000 | 64928.2000000000 | 64954.6900000000 |    3.0130900000 | 1786120799999 |   195691.7132459000 |             2046 |                2.1000100000 |            136382.9660164000
 1786120800000 | 64954.7000000000 | 64966.0000000000 | 64952.6700000000 | 64966.0000000000 |    3.7631100000 | 1786120859999 |   244452.4703569000 |             1093 |                3.4386600000 |            223376.4172293000
 1786120860000 | 64965.9900000000 | 64966.0300000000 | 64957.3700000000 | 64960.2600000000 |    4.2708700000 | 1786120919999 |   277446.7808816000 |             1483 |                0.7594000000 |             49332.2270051000
 1786120920000 | 64960.2600000000 | 64961.0800000000 | 64953.2700000000 | 64961.0700000000 |    2.8846400000 | 1786120979999 |   187379.7667248000 |             1364 |                1.2749400000 |             82815.5003995000
 1786120980000 | 64961.0800000000 | 64961.6800000000 | 64960.5400000000 | 64960.9700000000 |    2.4612700000 | 1786121039999 |   159886.4883442000 |              455 |                0.4578400000 |             29741.6439501000
 1786121040000 | 64960.9800000000 | 64961.5100000000 | 64941.2800000000 | 64949.6400000000 |    5.9964600000 | 1786121099999 |   389494.0611065000 |             1530 |                1.0222400000 |             66392.8779973000
 1786121100000 | 64949.6300000000 | 64950.0000000000 | 64932.0000000000 | 64944.7500000000 |    9.6234400000 | 1786121159999 |   624954.3807119000 |             1549 |                4.7070900000 |            305668.9656081000
 1786121160000 | 64944.7600000000 | 64950.7800000000 | 64932.0000000000 | 64932.0000000000 |    4.8536500000 | 1786121219999 |   315215.0835518000 |             2058 |                0.8054500000 |             52311.0408810000
 1786121220000 | 64932.0100000000 | 64932.0100000000 | 64918.0000000000 | 64918.0000000000 |    3.9379600000 | 1786121279999 |   255674.6061036000 |             1131 |                1.0995500000 |             71389.3219917000
 1786121280000 | 64918.0000000000 | 64926.4700000000 | 64915.9500000000 | 64926.4700000000 |    1.6480000000 | 1786121339999 |   106986.8221872000 |              949 |                1.0274900000 |             66705.4290039000
 1786121340000 | 64926.4600000000 | 64931.7600000000 | 64912.0000000000 | 64931.7500000000 |    9.5617300000 | 1786121399999 |   620747.4283334000 |             2304 |                3.0189000000 |            195983.9892038000
 1786121400000 | 64931.7600000000 | 64950.4000000000 | 64931.7500000000 | 64950.3900000000 |    2.9911900000 | 1786121459999 |   194245.1975530000 |             2170 |                2.1667600000 |            140706.6837241000
 1786121460000 | 64950.4000000000 | 64950.4000000000 | 64908.0100000000 | 64908.0100000000 |    7.1169300000 | 1786121519999 |   462168.7787666000 |             2009 |                0.3276600000 |             21280.5123184000
 1786121520000 | 64908.0000000000 | 64908.0000000000 | 64900.4000000000 | 64900.7600000000 |    1.6229500000 | 1786121579999 |   105334.3935708000 |             1260 |                1.0142700000 |             65829.0203825000
 1786121580000 | 64900.7700000000 | 64900.7700000000 | 64886.0400000000 | 64892.2300000000 |    4.9703200000 | 1786121639999 |   322545.1679475000 |             1632 |                1.0880400000 |             70604.5278665000
 1786121640000 | 64892.2300000000 | 64892.2400000000 | 64875.5100000000 | 64875.5100000000 |    8.4311900000 | 1786121699999 |   547084.9497067000 |             1131 |                0.3673000000 |             23832.9797624000
 1786121700000 | 64875.5100000000 | 64875.5200000000 | 64861.2300000000 | 64861.2400000000 |    7.8198100000 | 1786121759999 |   507276.6720818000 |             1177 |                1.9039700000 |            123513.0369411000
 1786121760000 | 64861.2300000000 | 64861.2400000000 | 64838.0000000000 | 64853.2100000000 |   12.0222400000 | 1786121819999 |   779664.6121294000 |             2836 |                2.0133900000 |            130568.6849548000
 1786121820000 | 64853.2000000000 | 64859.6600000000 | 64845.1900000000 | 64845.2000000000 |    5.2973300000 | 1786121879999 |   343558.1977524000 |             1047 |                0.9950900000 |             64537.4970165000
 1786121880000 | 64845.1900000000 | 64859.7100000000 | 64834.2100000000 | 64843.9900000000 |   10.6078200000 | 1786121939999 |   687838.8936806000 |             2216 |                6.3954100000 |            414696.2253185000
 1786121940000 | 64843.9900000000 | 64843.9900000000 | 64814.0000000000 | 64814.0000000000 |   14.7168200000 | 1786121999999 |   954118.5016492000 |             2410 |                3.9266900000 |            254585.3966002000
 1786122000000 | 64814.0100000000 | 64828.8200000000 | 64810.3900000000 | 64810.5100000000 |    6.0985400000 | 1786122059999 |   395313.0325798000 |             1905 |                1.4932200000 |             96791.6353418000
 1786122060000 | 64810.5100000000 | 64811.3900000000 | 64796.0000000000 | 64802.0000000000 |   64.4610300000 | 1786122119999 |  4177082.5233943000 |             2403 |                4.4840500000 |            290560.9940167000
 1786122120000 | 64802.0100000000 | 64802.0100000000 | 64708.0000000000 | 64730.0000000000 |   39.3010600000 | 1786122179999 |  2544851.6457053000 |             8435 |                9.9586100000 |            644630.4554128000
 1786122180000 | 64729.9900000000 | 64775.1100000000 | 64729.9900000000 | 64772.0000000000 |   11.1243800000 | 1786122239999 |   720468.6779520000 |             2322 |                6.3123900000 |            408794.7340004000
 1786122240000 | 64771.9900000000 | 64773.9900000000 | 64756.0000000000 | 64756.0000000000 |    7.1810800000 | 1786122299999 |   465068.2252428000 |              996 |                3.6353200000 |            235428.5126855000
 1786122300000 | 64756.0000000000 | 64779.1100000000 | 64742.6700000000 | 64779.1100000000 |   20.0679600000 | 1786122359999 |  1299500.7690266000 |             4673 |                6.0242100000 |            390082.5296112000
 1786122360000 | 64779.1000000000 | 64784.0000000000 | 64765.8600000000 | 64783.9900000000 |   12.7485100000 | 1786122419999 |   825747.4569113000 |             3145 |                4.9582000000 |            321150.9935033000
 1786122420000 | 64784.0000000000 | 64794.4300000000 | 64770.6200000000 | 64794.4300000000 |   15.7526600000 | 1786122479999 |  1020485.4079184000 |             3426 |                9.4849300000 |            614410.9868559000
 1786122480000 | 64794.4300000000 | 64814.0000000000 | 64794.4300000000 | 64814.0000000000 |    3.6209000000 | 1786122539999 |   234653.3416055000 |              948 |                3.3968300000 |            220130.5521187000
 1786122540000 | 64813.9900000000 | 64814.0000000000 | 64774.0000000000 | 64784.6400000000 |    5.6155800000 | 1786122599999 |   363863.8923470000 |             3487 |                1.5811200000 |            102433.8301635000
 1786122600000 | 64784.6500000000 | 64786.0000000000 | 64754.3100000000 | 64754.3200000000 |    4.0912500000 | 1786122659999 |   264974.7005691000 |             2258 |                0.8995000000 |             58259.5512952000
 1786122660000 | 64754.3200000000 | 64755.4200000000 | 64752.0000000000 | 64755.4200000000 |    1.6775400000 | 1786122719999 |   108628.6037488000 |              430 |                1.1167800000 |             72316.4577924000
 1786122720000 | 64755.4200000000 | 64756.0000000000 | 64707.0000000000 | 64707.0000000000 |    6.2539000000 | 1786122779999 |   404922.2193565000 |             2372 |                1.8702200000 |            121105.0225339000
 1786122780000 | 64707.0000000000 | 64721.3500000000 | 64700.0000000000 | 64700.0000000000 |    8.4695400000 | 1786122839999 |   548041.6059443000 |             1870 |                4.6216600000 |            299057.0983619000
 1786122840000 | 64700.0000000000 | 64700.3900000000 | 64700.0000000000 | 64700.3900000000 |    1.7967400000 | 1786122899999 |   116249.3076838000 |              324 |                0.7734000000 |             50039.1427392000
 1786122900000 | 64700.3900000000 | 64700.3900000000 | 64663.9500000000 | 64670.4200000000 |   14.9641300000 | 1786122959999 |   967992.2507391000 |             3272 |                3.2893700000 |            212737.1317279000
 1786122960000 | 64670.4300000000 | 64730.0000000000 | 64662.4000000000 | 64729.9900000000 |    8.2694800000 | 1786123019999 |   534979.8845624000 |             3549 |                6.4121700000 |            414842.1401497000
 1786123020000 | 64729.9900000000 | 64730.0000000000 | 64702.5200000000 | 64722.7500000000 |    3.5984700000 | 1786123079999 |   232895.8157719000 |             1688 |                1.6909900000 |            109438.5242209000
 1786123080000 | 64722.7500000000 | 64728.4200000000 | 64701.5400000000 | 64728.4200000000 |    3.6037800000 | 1786123139999 |   233219.5827589000 |             2672 |                1.8241900000 |            118053.7345021000
 1786123140000 | 64728.4300000000 | 64735.0200000000 | 64694.0000000000 | 64703.9200000000 |    3.2985600000 | 1786123199999 |   213484.7854754000 |             2853 |                1.2964600000 |             83905.5048188000
 1785787200000 | 63869.3800000000 | 63875.3100000000 | 63828.0900000000 | 63828.1000000000 |    8.4311700000 | 1785787259999 |   538398.6689004000 |             2393 |                4.0030900000 |            255653.4599259000
 1785787260000 | 63828.1000000000 | 63846.0000000000 | 63823.2100000000 | 63834.0000000000 |    7.6268200000 | 1785787319999 |   486829.1793845000 |             1532 |                2.7102800000 |            173003.2162442000
 1785787320000 | 63834.0000000000 | 63837.5000000000 | 63816.6500000000 | 63837.4900000000 |   12.5650700000 | 1785787379999 |   801949.6148234000 |             1509 |                2.5634900000 |            163606.8966940000
 1785787380000 | 63837.4900000000 | 63867.7100000000 | 63837.4900000000 | 63867.7000000000 |    5.5573100000 | 1785787439999 |   354832.8611378000 |             1495 |                4.0844400000 |            260787.7158408000
 1785787440000 | 63867.7100000000 | 63867.7100000000 | 63841.6100000000 | 63841.6100000000 |    7.0380400000 | 1785787499999 |   449393.9913431000 |             1503 |                3.5432100000 |            226227.0453776000
 1785787500000 | 63841.6200000000 | 63870.0000000000 | 63841.6200000000 | 63870.0000000000 |   10.2160500000 | 1785787559999 |   652371.2986869000 |             1437 |                3.8348400000 |            244869.3767966000
 1785787560000 | 63870.0000000000 | 63870.0000000000 | 63863.5000000000 | 63869.9900000000 |    3.2527700000 | 1785787619999 |   207742.3076114000 |              664 |                2.0663000000 |            131965.0856190000
 1785787620000 | 63869.9900000000 | 63870.0000000000 | 63848.0000000000 | 63856.0000000000 |    5.1923500000 | 1785787679999 |   331564.2707091000 |             1133 |                1.4186600000 |             90583.8801740000
 1785787680000 | 63856.0000000000 | 63884.8100000000 | 63855.9900000000 | 63884.8100000000 |    1.8386800000 | 1785787739999 |   117423.6211855000 |              958 |                1.6838600000 |            107537.2470345000
 1785787740000 | 63884.8100000000 | 63896.8300000000 | 63884.8100000000 | 63896.8300000000 |    5.1181400000 | 1785787799999 |   327015.8496946000 |              564 |                3.5226800000 |            225075.9298283000
 1785787800000 | 63896.8200000000 | 63941.4600000000 | 63896.8200000000 | 63911.6100000000 |   12.2631500000 | 1785787859999 |   783858.0882896000 |             2773 |                7.9468500000 |            507939.9953797000
 1785787860000 | 63911.6100000000 | 63919.8000000000 | 63911.6100000000 | 63919.7900000000 |    7.8607600000 | 1785787919999 |   502404.6914161000 |              402 |                7.5316000000 |            481367.2932458000
 1785787920000 | 63919.8000000000 | 63957.5100000000 | 63919.8000000000 | 63944.2200000000 |    8.2562900000 | 1785787979999 |   527917.6248845000 |             1638 |                4.9623700000 |            317274.6238515000
 1785787980000 | 63944.2200000000 | 63944.2200000000 | 63911.3800000000 | 63911.3800000000 |    5.6856200000 | 1785788039999 |   363448.0200445000 |             1489 |                0.2903200000 |             18558.8289418000
 1785788040000 | 63911.3800000000 | 63911.3900000000 | 63897.9800000000 | 63897.9800000000 |    2.4411000000 | 1785788099999 |   155996.0560094000 |              554 |                0.3132000000 |             20014.4424784000
 1785788100000 | 63897.9800000000 | 63903.1100000000 | 63896.7100000000 | 63896.7100000000 |    3.3689300000 | 1785788159999 |   215278.0143523000 |              543 |                0.7150700000 |             45692.0563578000
 1785788160000 | 63896.7100000000 | 63896.7200000000 | 63896.7100000000 | 63896.7100000000 |    1.1048500000 | 1785788219999 |    70596.2898247000 |              108 |                0.9781200000 |             62498.6597664000
 1785788220000 | 63896.7200000000 | 63943.2000000000 | 63896.7100000000 | 63934.0000000000 |    9.2349500000 | 1785788279999 |   590329.3156976000 |             1816 |                7.0558400000 |            451015.1558790000
 1785788280000 | 63934.0000000000 | 63972.0100000000 | 63932.5800000000 | 63964.2800000000 |   17.2431900000 | 1785788339999 |  1102808.7177115000 |             2204 |               13.4205000000 |            858284.5381510000
 1785788340000 | 63964.2800000000 | 63972.0100000000 | 63947.4200000000 | 63972.0100000000 |    7.8698600000 | 1785788399999 |   503325.5972421000 |             2094 |                4.2256600000 |            270259.0434709000
 1785788400000 | 63972.0100000000 | 64023.6100000000 | 63972.0000000000 | 63992.0000000000 |   25.5417300000 | 1785788459999 |  1634804.7897892000 |             4138 |                9.9826700000 |            638835.3856070000
 1785788460000 | 63992.0100000000 | 64001.0200000000 | 63978.4100000000 | 64001.0200000000 |    4.4529400000 | 1785788519999 |   284932.1785208000 |             1390 |                2.3037800000 |            147410.7909220000
 1785788520000 | 64001.0200000000 | 64001.0200000000 | 63976.5100000000 | 63976.5100000000 |    7.5905600000 | 1785788579999 |   485703.9025662000 |             2204 |                1.1585400000 |             74133.0778170000
 1785788580000 | 63976.5100000000 | 63976.5200000000 | 63945.0000000000 | 63945.0100000000 |    4.2242800000 | 1785788639999 |   270185.9662088000 |             1569 |                0.7208800000 |             46106.6646399000
 1785788640000 | 63945.0100000000 | 63945.0100000000 | 63945.0000000000 | 63945.0000000000 |    0.6927300000 | 1785788699999 |    44296.6219329000 |              139 |                0.2082900000 |             13319.1061329000
 1785788700000 | 63945.0100000000 | 63952.6700000000 | 63945.0000000000 | 63952.6500000000 |    6.3169200000 | 1785788759999 |   403961.8409773000 |              562 |                2.9911900000 |            191273.0886652000
 1785788760000 | 63952.6500000000 | 63952.6600000000 | 63922.3200000000 | 63922.3200000000 |    3.7547100000 | 1785788819999 |   240069.3220232000 |             1358 |                0.1608000000 |             10281.0604133000
 1785788820000 | 63922.3200000000 | 63948.5100000000 | 63922.3200000000 | 63948.5000000000 |    3.2884200000 | 1785788879999 |   210219.2414198000 |             1029 |                3.0316200000 |            193803.0279775000
 1785788880000 | 63948.5000000000 | 63952.6700000000 | 63932.0000000000 | 63932.0000000000 |    5.9855800000 | 1785788939999 |   382777.8567900000 |             1141 |                0.4360600000 |             27885.8589107000
 1785788940000 | 63932.0000000000 | 63959.0000000000 | 63928.3100000000 | 63958.9900000000 |   21.4728400000 | 1785788999999 |  1373085.9672077000 |             1406 |               18.4055400000 |           1176963.8451687000
 1785789000000 | 63958.9900000000 | 63958.9900000000 | 63940.4800000000 | 63940.9500000000 |    5.1565300000 | 1785789059999 |   329762.2656083000 |             1281 |                0.2597000000 |             16607.8748627000
 1785789060000 | 63940.9500000000 | 63940.9500000000 | 63929.7500000000 | 63933.9900000000 |    8.4399500000 | 1785789119999 |   539606.1347902000 |              830 |                2.4148900000 |            154386.6311256000
 1785789120000 | 63933.9900000000 | 63945.7700000000 | 63933.9900000000 | 63942.0600000000 |    2.1475000000 | 1785789179999 |   137313.9363816000 |              786 |                0.7715400000 |             49330.7333067000
 1785789180000 | 63942.0500000000 | 63942.0600000000 | 63930.0700000000 | 63930.0700000000 |    2.7033500000 | 1785789239999 |   172840.4630247000 |              637 |                0.2100100000 |             13425.9580176000
 1785789240000 | 63930.0700000000 | 63930.0800000000 | 63930.0700000000 | 63930.0700000000 |    1.0043400000 | 1785789299999 |    64207.5290716000 |              112 |                0.2567800000 |             16415.9659424000
 1785789300000 | 63930.0800000000 | 63945.0100000000 | 63930.0800000000 | 63945.0000000000 |    4.5765100000 | 1785789359999 |   292624.1672501000 |              776 |                3.0421900000 |            194513.1494311000
 1785789360000 | 63945.0000000000 | 63945.0100000000 | 63945.0000000000 | 63945.0000000000 |    0.9380900000 | 1785789419999 |    59986.1675278000 |               95 |                0.2477800000 |             15844.2945778000
 1785789420000 | 63945.0100000000 | 63945.0100000000 | 63932.0000000000 | 63932.0100000000 |    3.3567300000 | 1785789479999 |   214625.1073718000 |              805 |                0.7537400000 |             48191.6949714000
 1785789480000 | 63932.0000000000 | 63932.0100000000 | 63925.7600000000 | 63925.7600000000 |    6.8595200000 | 1785789539999 |   438528.9514677000 |              340 |                0.4362600000 |             27890.9611482000
 1785789540000 | 63925.7600000000 | 63925.7700000000 | 63916.0000000000 | 63916.0000000000 |   11.9845800000 | 1785789599999 |   766104.0375700000 |              507 |                2.5876500000 |            165416.9819964000
 1785789600000 | 63916.0000000000 | 63916.0100000000 | 63907.7000000000 | 63907.7100000000 |    2.3950400000 | 1785789659999 |   153077.0320186000 |              420 |                0.6126600000 |             39158.7717306000
 1785789660000 | 63907.7000000000 | 63907.7100000000 | 63907.7000000000 | 63907.7100000000 |    4.5808900000 | 1785789719999 |   292754.1502057000 |              213 |                0.6352700000 |             40598.6509317000
 1785789720000 | 63907.7000000000 | 63907.7100000000 | 63907.7000000000 | 63907.7100000000 |    1.3752600000 | 1785789779999 |    87889.7097692000 |              161 |                0.6267200000 |             40052.2400112000
 1785789780000 | 63907.7000000000 | 63907.7100000000 | 63907.7000000000 | 63907.7000000000 |    0.7505700000 | 1785789839999 |    47967.2040841000 |              105 |                0.1695100000 |             10832.9959221000
 1785789840000 | 63907.7000000000 | 63926.1000000000 | 63907.7000000000 | 63926.1000000000 |   42.6837300000 | 1785789899999 |  2728247.9346164000 |             1319 |               42.1144900000 |           2691862.9531942000
 1785789900000 | 63926.1000000000 | 63926.1000000000 | 63869.9900000000 | 63875.1000000000 |   21.0402200000 | 1785789959999 |  1344314.4438468000 |             2092 |                2.0399300000 |            130301.9096400000
 1785789960000 | 63875.1100000000 | 63900.0000000000 | 63875.1100000000 | 63897.2800000000 |    6.3629200000 | 1785790019999 |   406556.2560840000 |             1168 |                2.2236000000 |            142056.5734389000
 1785790020000 | 63897.2900000000 | 63897.2900000000 | 63890.0600000000 | 63890.0600000000 |   10.6293000000 | 1785790079999 |   679156.8122087000 |              284 |                0.2952600000 |             18865.0815358000
 1785790080000 | 63890.0700000000 | 63890.0700000000 | 63890.0600000000 | 63890.0600000000 |    1.2202200000 | 1785790139999 |    77959.9316738000 |              124 |                0.2660600000 |             16998.5920242000
 1785790140000 | 63890.0600000000 | 63895.0000000000 | 63792.7300000000 | 63793.0600000000 |   37.2928900000 | 1785790199999 |  2380963.2841378000 |             3228 |                2.7281000000 |            174172.1584116000
 1785790200000 | 63793.0500000000 | 63815.6000000000 | 63785.7000000000 | 63785.7000000000 |    9.1517200000 | 1785790259999 |   583923.1204121000 |             1930 |                2.4653900000 |            157301.6976873000
 1785790260000 | 63785.7000000000 | 63785.7100000000 | 63769.9200000000 | 63781.9900000000 |   13.5743400000 | 1785790319999 |   865726.8404750000 |             1203 |                5.5126300000 |            351576.5779147000
 1785790320000 | 63781.9900000000 | 63782.0000000000 | 63769.9900000000 | 63769.9900000000 |    2.7200600000 | 1785790379999 |   173480.4694106000 |             1014 |                0.2923000000 |             18642.8200548000
 1785790380000 | 63770.0000000000 | 63780.0000000000 | 63769.9900000000 | 63779.9900000000 |    2.1951200000 | 1785790439999 |   139990.6458938000 |              535 |                1.5666200000 |             99910.3996977000
 1785790440000 | 63779.9900000000 | 63785.7000000000 | 63779.9900000000 | 63785.6900000000 |   13.5398200000 | 1785790499999 |   863584.8158116000 |              530 |               11.7147900000 |            747174.0786389000
 1785790500000 | 63785.7000000000 | 63802.0000000000 | 63785.6900000000 | 63802.0000000000 |    3.6496000000 | 1785790559999 |   232802.6434596000 |              641 |                3.2976300000 |            210351.8199499000
 1785790560000 | 63802.0000000000 | 63808.9200000000 | 63800.0000000000 | 63800.0000000000 |    5.6009200000 | 1785790619999 |   357369.4116363000 |              930 |                1.3733600000 |             87628.6890320000
 1785790620000 | 63800.0000000000 | 63800.0100000000 | 63800.0000000000 | 63800.0000000000 |    0.8630600000 | 1785790679999 |    55063.2336447000 |               61 |                0.5644700000 |             36013.1916447000

Interrupted
